,Місяць,Рис,Хліб пшеничний з борошна вищого ґатунку,Хліб пшеничний з борошна першого ґатунку,"Хліб житній, житньо-пшеничний",Батон,Макаронні вироби з м’яких сортів пшениці,Борошно пшеничне,Крупи манні,Крупи гречані,Крупи ячні,Пшоно,Крупи пшеничні,Яловичина,Свинина,Птиця (тушки курячі),Філе куряче,Ковбаси варені першого ґатунку,Риба морожена,"Молоко пастеризоване жирністю до 2,6% включно",Сири м’які жирні,Сметана жирністю до 15% включно,Яйця,Масло вершкове,Олія соняшникова,Сало,Яблука,Капуста білокачанна,Цибуля ріпчаста,Буряк,Морква,Картопля,Цукор,Молочні суміші для дитячого харчування,Горілка,Вина столові вітчизняні,Пиво вітчизняних марок,Сигарети з фільтром вітчизняних марок,Сигарети з фільтром медіум класу,Сигарети з фільтром преміум класу,Сигарети без фільтру,Плата за оренду 1-кімнатної квартири,Антибіотики вітчизняні,Антибіотики імпортні,Судинорозширювальні засоби вітчизняні,Судинорозширювальні засоби імпортні,Жарознижувальні та знеболювальні препарати вітчизняні,Жарознижувальні та знеболювальні препарати імпортні,Стоматологічні послуги,Бензин А-92,Бензин А-95,Дизельне пальне,Газ скраплений для автомобілів,Проїзд у міському транспорті,Дошкільна освіта,Послуги у сфері страхування особистого транспорту
1,1991-01-01,,,,,,,,,,,,,,,,,,,,,,,,,,,,,,,,,,,,,,,,,,,,,,,,,,,,,,,
2,1991-02-01,,,,,,,,,,,,,,,,,,,,,,,,,,,,,,,,,,,,,,,,,,,,,,,,,,,,,,,
3,1991-03-01,,,,,,,,,,,,,,,,,,,,,,,,,,,,,,,,,,,,,,,,,,,,,,,,,,,,,,,
4,1991-04-01,,,,,,,,,,,,,,,,,,,,,,,,,,,,,,,,,,,,,,,,,,,,,,,,,,,,,,,
5,1991-05-01,,,,,,,,,,,,,,,,,,,,,,,,,,,,,,,,,,,,,,,,,,,,,,,,,,,,,,,
6,1991-06-01,,,,,,,,,,,,,,,,,,,,,,,,,,,,,,,,,,,,,,,,,,,,,,,,,,,,,,,
7,1991-07-01,,,,,,,,,,,,,,,,,,,,,,,,,,,,,,,,,,,,,,,,,,,,,,,,,,,,,,,
8,1991-08-01,,,,,,,,,,,,,,,,,,,,,,,,,,,,,,,,,,,,,,,,,,,,,,,,,,,,,,,
9,1991-09-01,,,,,,,,,,,,,,,,,,,,,,,,,,,,,,,,,,,,,,,,,,,,,,,,,,,,,,,
10,1991-10-01,,,,,,,,,,,,,,,,,,,,,,,,,,,,,,,,,,,,,,,,,,,,,,,,,,,,,,,
11,1991-11-01,,,,,,,,,,,,,,,,,,,,,,,,,,,,,,,,,,,,,,,,,,,,,,,,,,,,,,,
12,1991-12-01,,,,,,,,,,,,,,,,,,,,,,,,,,,,,,,,,,,,,,,,,,,,,,,,,,,,,,,
14,1992-01-01,,,,,,,,,,,,,,,,,,,,,,,,,,,,,,,,,,,,,,,,,,,,,,,,,,,,,,,
15,1992-02-01,,,,,,,,,,,,,,,,,,,,,,,,,,,,,,,,,,,,,,,,,,,,,,,,,,,,,,,
16,1992-03-01,,,,,,,,,,,,,,,,,,,,,,,,,,,,,,,,,,,,,,,,,,,,,,,,,,,,,,,
17,1992-04-01,,,,,,,,,,,,,,,,,,,,,,,,,,,,,,,,,,,,,,,,,,,,,,,,,,,,,,,
18,1992-05-01,,,,,,,,,,,,,,,,,,,,,,,,,,,,,,,,,,,,,,,,,,,,,,,,,,,,,,,
19,1992-06-01,,,,,,,,,,,,,,,,,,,,,,,,,,,,,,,,,,,,,,,,,,,,,,,,,,,,,,,
20,1992-07-01,,,,,,,,,,,,,,,,,,,,,,,,,,,,,,,,,,,,,,,,,,,,,,,,,,,,,,,
21,1992-08-01,,,,,,,,,,,,,,,,,,,,,,,,,,,,,,,,,,,,,,,,,,,,,,,,,,,,,,,
22,1992-09-01,,,,,,,,,,,,,,,,,,,,,,,,,,,,,,,,,,,,,,,,,,,,,,,,,,,,,,,
23,1992-10-01,,,,,,,,,,,,,,,,,,,,,,,,,,,,,,,,,,,,,,,,,,,,,,,,,,,,,,,
24,1992-11-01,,,,,,,,,,,,,,,,,,,,,,,,,,,,,,,,,,,,,,,,,,,,,,,,,,,,,,,
25,1992-12-01,,,,,,,,,,,,,,,,,,,,,,,,,,,,,,,,,,,,,,,,,,,,,,,,,,,,,,,
27,1993-01-01,,,,,,,,,,,,,,,,,,,,,,,,,,,,,,,,,,,,,,,,,,,,,,,,,,,,,,,
28,1993-02-01,,,,,,,,,,,,,,,,,,,,,,,,,,,,,,,,,,,,,,,,,,,,,,,,,,,,,,,
29,1993-03-01,,,,,,,,,,,,,,,,,,,,,,,,,,,,,,,,,,,,,,,,,,,,,,,,,,,,,,,
30,1993-04-01,,,,,,,,,,,,,,,,,,,,,,,,,,,,,,,,,,,,,,,,,,,,,,,,,,,,,,,
31,1993-05-01,,,,,,,,,,,,,,,,,,,,,,,,,,,,,,,,,,,,,,,,,,,,,,,,,,,,,,,
32,1993-06-01,,,,,,,,,,,,,,,,,,,,,,,,,,,,,,,,,,,,,,,,,,,,,,,,,,,,,,,
33,1993-07-01,,,,,,,,,,,,,,,,,,,,,,,,,,,,,,,,,,,,,,,,,,,,,,,,,,,,,,,
34,1993-08-01,,,,,,,,,,,,,,,,,,,,,,,,,,,,,,,,,,,,,,,,,,,,,,,,,,,,,,,
35,1993-09-01,,,,,,,,,,,,,,,,,,,,,,,,,,,,,,,,,,,,,,,,,,,,,,,,,,,,,,,
36,1993-10-01,,,,,,,,,,,,,,,,,,,,,,,,,,,,,,,,,,,,,,,,,,,,,,,,,,,,,,,
37,1993-11-01,,,,,,,,,,,,,,,,,,,,,,,,,,,,,,,,,,,,,,,,,,,,,,,,,,,,,,,
38,1993-12-01,,,,,,,,,,,,,,,,,,,,,,,,,,,,,,,,,,,,,,,,,,,,,,,,,,,,,,,
40,1994-01-01,,,,,,,,,,,,,,,,,,,,,,,,,,,,,,,,,,,,,,,,,,,,,,,,,,,,,,,
41,1994-02-01,,,,,,,,,,,,,,,,,,,,,,,,,,,,,,,,,,,,,,,,,,,,,,,,,,,,,,,
42,1994-03-01,,,,,,,,,,,,,,,,,,,,,,,,,,,,,,,,,,,,,,,,,,,,,,,,,,,,,,,
43,1994-04-01,,,,,,,,,,,,,,,,,,,,,,,,,,,,,,,,,,,,,,,,,,,,,,,,,,,,,,,
44,1994-05-01,,,,,,,,,,,,,,,,,,,,,,,,,,,,,,,,,,,,,,,,,,,,,,,,,,,,,,,
45,1994-06-01,,,,,,,,,,,,,,,,,,,,,,,,,,,,,,,,,,,,,,,,,,,,,,,,,,,,,,,
46,1994-07-01,,,,,,,,,,,,,,,,,,,,,,,,,,,,,,,,,,,,,,,,,,,,,,,,,,,,,,,
47,1994-08-01,,,,,,,,,,,,,,,,,,,,,,,,,,,,,,,,,,,,,,,,,,,,,,,,,,,,,,,
48,1994-09-01,,,,,,,,,,,,,,,,,,,,,,,,,,,,,,,,,,,,,,,,,,,,,,,,,,,,,,,
49,1994-10-01,,,,,,,,,,,,,,,,,,,,,,,,,,,,,,,,,,,,,,,,,,,,,,,,,,,,,,,
50,1994-11-01,,,,,,,,,,,,,,,,,,,,,,,,,,,,,,,,,,,,,,,,,,,,,,,,,,,,,,,
51,1994-12-01,,,,,,,,,,,,,,,,,,,,,,,,,,,,,,,,,,,,,,,,,,,,,,,,,,,,,,,
53,1995-01-01,,,,,,,,,,,,,,,,,,,,,,,,,,,,,,,,,,,,,,,,,,,,,,,,,,,,,,,
54,1995-02-01,,,,,,,,,,,,,,,,,,,,,,,,,,,,,,,,,,,,,,,,,,,,,,,,,,,,,,,
55,1995-03-01,,,,,,,,,,,,,,,,,,,,,,,,,,,,,,,,,,,,,,,,,,,,,,,,,,,,,,,
56,1995-04-01,,,,,,,,,,,,,,,,,,,,,,,,,,,,,,,,,,,,,,,,,,,,,,,,,,,,,,,
57,1995-05-01,,,,,,,,,,,,,,,,,,,,,,,,,,,,,,,,,,,,,,,,,,,,,,,,,,,,,,,
58,1995-06-01,,,,,,,,,,,,,,,,,,,,,,,,,,,,,,,,,,,,,,,,,,,,,,,,,,,,,,,
59,1995-07-01,,,,,,,,,,,,,,,,,,,,,,,,,,,,,,,,,,,,,,,,,,,,,,,,,,,,,,,
60,1995-08-01,,,,,,,,,,,,,,,,,,,,,,,,,,,,,,,,,,,,,,,,,,,,,,,,,,,,,,,
61,1995-09-01,,,,,,,,,,,,,,,,,,,,,,,,,,,,,,,,,,,,,,,,,,,,,,,,,,,,,,,
62,1995-10-01,,,,,,,,,,,,,,,,,,,,,,,,,,,,,,,,,,,,,,,,,,,,,,,,,,,,,,,
63,1995-11-01,,,,,,,,,,,,,,,,,,,,,,,,,,,,,,,,,,,,,,,,,,,,,,,,,,,,,,,
64,1995-12-01,,,,,,,,,,,,,,,,,,,,,,,,,,,,,,,,,,,,,,,,,,,,,,,,,,,,,,,
66,1996-01-01,,,,,,,,,,,,,,,,,,,,,,,,,,,,,,,,,,,,,,,,,,,,,,,,,,,,,,,
67,1996-02-01,,,,,,,,,,,,,,,,,,,,,,,,,,,,,,,,,,,,,,,,,,,,,,,,,,,,,,,
68,1996-03-01,,,,,,,,,,,,,,,,,,,,,,,,,,,,,,,,,,,,,,,,,,,,,,,,,,,,,,,
69,1996-04-01,,,,,,,,,,,,,,,,,,,,,,,,,,,,,,,,,,,,,,,,,,,,,,,,,,,,,,,
70,1996-05-01,,,,,,,,,,,,,,,,,,,,,,,,,,,,,,,,,,,,,,,,,,,,,,,,,,,,,,,
71,1996-06-01,,,,,,,,,,,,,,,,,,,,,,,,,,,,,,,,,,,,,,,,,,,,,,,,,,,,,,,
72,1996-07-01,,,,,,,,,,,,,,,,,,,,,,,,,,,,,,,,,,,,,,,,,,,,,,,,,,,,,,,
73,1996-08-01,,,,,,,,,,,,,,,,,,,,,,,,,,,,,,,,,,,,,,,,,,,,,,,,,,,,,,,
74,1996-09-01,,,,,,,,,,,,,,,,,,,,,,,,,,,,,,,,,,,,,,,,,,,,,,,,,,,,,,,
75,1996-10-01,,,,,,,,,,,,,,,,,,,,,,,,,,,,,,,,,,,,,,,,,,,,,,,,,,,,,,,
76,1996-11-01,,,,,,,,,,,,,,,,,,,,,,,,,,,,,,,,,,,,,,,,,,,,,,,,,,,,,,,
77,1996-12-01,,,,,,,,,,,,,,,,,,,,,,,,,,,,,,,,,,,,,,,,,,,,,,,,,,,,,,,
79,1997-01-01,,,,,,,,,,,,,,,,,,,,,,,,,,,,,,,,,,,,,,,,,,,,,,,,,,,,,,,
80,1997-02-01,,,,,,,,,,,,,,,,,,,,,,,,,,,,,,,,,,,,,,,,,,,,,,,,,,,,,,,
81,1997-03-01,,,,,,,,,,,,,,,,,,,,,,,,,,,,,,,,,,,,,,,,,,,,,,,,,,,,,,,
82,1997-04-01,,,,,,,,,,,,,,,,,,,,,,,,,,,,,,,,,,,,,,,,,,,,,,,,,,,,,,,
83,1997-05-01,,,,,,,,,,,,,,,,,,,,,,,,,,,,,,,,,,,,,,,,,,,,,,,,,,,,,,,
84,1997-06-01,,,,,,,,,,,,,,,,,,,,,,,,,,,,,,,,,,,,,,,,,,,,,,,,,,,,,,,
85,1997-07-01,,,,,,,,,,,,,,,,,,,,,,,,,,,,,,,,,,,,,,,,,,,,,,,,,,,,,,,
86,1997-08-01,,,,,,,,,,,,,,,,,,,,,,,,,,,,,,,,,,,,,,,,,,,,,,,,,,,,,,,
87,1997-09-01,,,,,,,,,,,,,,,,,,,,,,,,,,,,,,,,,,,,,,,,,,,,,,,,,,,,,,,
88,1997-10-01,,,,,,,,,,,,,,,,,,,,,,,,,,,,,,,,,,,,,,,,,,,,,,,,,,,,,,,
89,1997-11-01,,,,,,,,,,,,,,,,,,,,,,,,,,,,,,,,,,,,,,,,,,,,,,,,,,,,,,,
90,1997-12-01,,,,,,,,,,,,,,,,,,,,,,,,,,,,,,,,,,,,,,,,,,,,,,,,,,,,,,,
92,1998-01-01,,,,,,,,,,,,,,,,,,,,,,,,,,,,,,,,,,,,,,,,,,,,,,,,,,,,,,,
93,1998-02-01,,,,,,,,,,,,,,,,,,,,,,,,,,,,,,,,,,,,,,,,,,,,,,,,,,,,,,,
94,1998-03-01,,,,,,,,,,,,,,,,,,,,,,,,,,,,,,,,,,,,,,,,,,,,,,,,,,,,,,,
95,1998-04-01,,,,,,,,,,,,,,,,,,,,,,,,,,,,,,,,,,,,,,,,,,,,,,,,,,,,,,,
96,1998-05-01,,,,,,,,,,,,,,,,,,,,,,,,,,,,,,,,,,,,,,,,,,,,,,,,,,,,,,,
97,1998-06-01,,,,,,,,,,,,,,,,,,,,,,,,,,,,,,,,,,,,,,,,,,,,,,,,,,,,,,,
98,1998-07-01,,,,,,,,,,,,,,,,,,,,,,,,,,,,,,,,,,,,,,,,,,,,,,,,,,,,,,,
99,1998-08-01,,,,,,,,,,,,,,,,,,,,,,,,,,,,,,,,,,,,,,,,,,,,,,,,,,,,,,,
100,1998-09-01,,,,,,,,,,,,,,,,,,,,,,,,,,,,,,,,,,,,,,,,,,,,,,,,,,,,,,,
101,1998-10-01,,,,,,,,,,,,,,,,,,,,,,,,,,,,,,,,,,,,,,,,,,,,,,,,,,,,,,,
102,1998-11-01,,,,,,,,,,,,,,,,,,,,,,,,,,,,,,,,,,,,,,,,,,,,,,,,,,,,,,,
103,1998-12-01,,,,,,,,,,,,,,,,,,,,,,,,,,,,,,,,,,,,,,,,,,,,,,,,,,,,,,,
105,1999-01-01,,,,,,,,,,,,,,,,,,,,,,,,,,,,,,,,,,,,,,,,,,,,,,,,,,,,,,,
106,1999-02-01,,,,,,,,,,,,,,,,,,,,,,,,,,,,,,,,,,,,,,,,,,,,,,,,,,,,,,,
107,1999-03-01,,,,,,,,,,,,,,,,,,,,,,,,,,,,,,,,,,,,,,,,,,,,,,,,,,,,,,,
108,1999-04-01,,,,,,,,,,,,,,,,,,,,,,,,,,,,,,,,,,,,,,,,,,,,,,,,,,,,,,,
109,1999-05-01,,,,,,,,,,,,,,,,,,,,,,,,,,,,,,,,,,,,,,,,,,,,,,,,,,,,,,,
110,1999-06-01,,,,,,,,,,,,,,,,,,,,,,,,,,,,,,,,,,,,,,,,,,,,,,,,,,,,,,,
111,1999-07-01,,,,,,,,,,,,,,,,,,,,,,,,,,,,,,,,,,,,,,,,,,,,,,,,,,,,,,,
112,1999-08-01,,,,,,,,,,,,,,,,,,,,,,,,,,,,,,,,,,,,,,,,,,,,,,,,,,,,,,,
113,1999-09-01,,,,,,,,,,,,,,,,,,,,,,,,,,,,,,,,,,,,,,,,,,,,,,,,,,,,,,,
114,1999-10-01,,,,,,,,,,,,,,,,,,,,,,,,,,,,,,,,,,,,,,,,,,,,,,,,,,,,,,,
115,1999-11-01,,,,,,,,,,,,,,,,,,,,,,,,,,,,,,,,,,,,,,,,,,,,,,,,,,,,,,,
116,1999-12-01,,,,,,,,,,,,,,,,,,,,,,,,,,,,,,,,,,,,,,,,,,,,,,,,,,,,,,,
118,2000-01-01,,,,,,,,,,,,,,,,,,,,,,,,,,,,,,,,,,,,,,,,,,,,,,,,,,,,,,,
119,2000-02-01,,,,,,,,,,,,,,,,,,,,,,,,,,,,,,,,,,,,,,,,,,,,,,,,,,,,,,,
120,2000-03-01,,,,,,,,,,,,,,,,,,,,,,,,,,,,,,,,,,,,,,,,,,,,,,,,,,,,,,,
121,2000-04-01,,,,,,,,,,,,,,,,,,,,,,,,,,,,,,,,,,,,,,,,,,,,,,,,,,,,,,,
122,2000-05-01,,,,,,,,,,,,,,,,,,,,,,,,,,,,,,,,,,,,,,,,,,,,,,,,,,,,,,,
123,2000-06-01,,,,,,,,,,,,,,,,,,,,,,,,,,,,,,,,,,,,,,,,,,,,,,,,,,,,,,,
124,2000-07-01,,,,,,,,,,,,,,,,,,,,,,,,,,,,,,,,,,,,,,,,,,,,,,,,,,,,,,,
125,2000-08-01,,,,,,,,,,,,,,,,,,,,,,,,,,,,,,,,,,,,,,,,,,,,,,,,,,,,,,,
126,2000-09-01,,,,,,,,,,,,,,,,,,,,,,,,,,,,,,,,,,,,,,,,,,,,,,,,,,,,,,,
127,2000-10-01,,,,,,,,,,,,,,,,,,,,,,,,,,,,,,,,,,,,,,,,,,,,,,,,,,,,,,,
128,2000-11-01,,,,,,,,,,,,,,,,,,,,,,,,,,,,,,,,,,,,,,,,,,,,,,,,,,,,,,,
129,2000-12-01,,,,,,,,,,,,,,,,,,,,,,,,,,,,,,,,,,,,,,,,,,,,,,,,,,,,,,,
131,2001-01-01,,,,,,,,,,,,,,,,,,,,,,,,,,,,,,,,,,,,,,,,,,,,,,,,,,,,,,,
132,2001-02-01,,,,,,,,,,,,,,,,,,,,,,,,,,,,,,,,,,,,,,,,,,,,,,,,,,,,,,,
133,2001-03-01,,,,,,,,,,,,,,,,,,,,,,,,,,,,,,,,,,,,,,,,,,,,,,,,,,,,,,,
134,2001-04-01,,,,,,,,,,,,,,,,,,,,,,,,,,,,,,,,,,,,,,,,,,,,,,,,,,,,,,,
135,2001-05-01,,,,,,,,,,,,,,,,,,,,,,,,,,,,,,,,,,,,,,,,,,,,,,,,,,,,,,,
136,2001-06-01,,,,,,,,,,,,,,,,,,,,,,,,,,,,,,,,,,,,,,,,,,,,,,,,,,,,,,,
137,2001-07-01,,,,,,,,,,,,,,,,,,,,,,,,,,,,,,,,,,,,,,,,,,,,,,,,,,,,,,,
138,2001-08-01,,,,,,,,,,,,,,,,,,,,,,,,,,,,,,,,,,,,,,,,,,,,,,,,,,,,,,,
139,2001-09-01,,,,,,,,,,,,,,,,,,,,,,,,,,,,,,,,,,,,,,,,,,,,,,,,,,,,,,,
140,2001-10-01,,,,,,,,,,,,,,,,,,,,,,,,,,,,,,,,,,,,,,,,,,,,,,,,,,,,,,,
141,2001-11-01,,,,,,,,,,,,,,,,,,,,,,,,,,,,,,,,,,,,,,,,,,,,,,,,,,,,,,,
142,2001-12-01,,,,,,,,,,,,,,,,,,,,,,,,,,,,,,,,,,,,,,,,,,,,,,,,,,,,,,,
144,2002-01-01,,,,,,,,,,,,,,,,,,,,,,,,,,,,,,,,,,,,,,,,,,,,,,,,,,,,,,,
145,2002-02-01,,,,,,,,,,,,,,,,,,,,,,,,,,,,,,,,,,,,,,,,,,,,,,,,,,,,,,,
146,2002-03-01,,,,,,,,,,,,,,,,,,,,,,,,,,,,,,,,,,,,,,,,,,,,,,,,,,,,,,,
147,2002-04-01,,,,,,,,,,,,,,,,,,,,,,,,,,,,,,,,,,,,,,,,,,,,,,,,,,,,,,,
148,2002-05-01,,,,,,,,,,,,,,,,,,,,,,,,,,,,,,,,,,,,,,,,,,,,,,,,,,,,,,,
149,2002-06-01,,,,,,,,,,,,,,,,,,,,,,,,,,,,,,,,,,,,,,,,,,,,,,,,,,,,,,,
150,2002-07-01,,,,,,,,,,,,,,,,,,,,,,,,,,,,,,,,,,,,,,,,,,,,,,,,,,,,,,,
151,2002-08-01,,,,,,,,,,,,,,,,,,,,,,,,,,,,,,,,,,,,,,,,,,,,,,,,,,,,,,,
152,2002-09-01,,,,,,,,,,,,,,,,,,,,,,,,,,,,,,,,,,,,,,,,,,,,,,,,,,,,,,,
153,2002-10-01,,,,,,,,,,,,,,,,,,,,,,,,,,,,,,,,,,,,,,,,,,,,,,,,,,,,,,,
154,2002-11-01,,,,,,,,,,,,,,,,,,,,,,,,,,,,,,,,,,,,,,,,,,,,,,,,,,,,,,,
155,2002-12-01,,,,,,,,,,,,,,,,,,,,,,,,,,,,,,,,,,,,,,,,,,,,,,,,,,,,,,,
157,2003-01-01,,,,,,,,,,,,,,,,,,,,,,,,,,,,,,,,,,,,,,,,,,,,,,,,,,,,,,,
158,2003-02-01,,,,,,,,,,,,,,,,,,,,,,,,,,,,,,,,,,,,,,,,,,,,,,,,,,,,,,,
159,2003-03-01,,,,,,,,,,,,,,,,,,,,,,,,,,,,,,,,,,,,,,,,,,,,,,,,,,,,,,,
160,2003-04-01,,,,,,,,,,,,,,,,,,,,,,,,,,,,,,,,,,,,,,,,,,,,,,,,,,,,,,,
161,2003-05-01,,,,,,,,,,,,,,,,,,,,,,,,,,,,,,,,,,,,,,,,,,,,,,,,,,,,,,,
162,2003-06-01,,,,,,,,,,,,,,,,,,,,,,,,,,,,,,,,,,,,,,,,,,,,,,,,,,,,,,,
163,2003-07-01,,,,,,,,,,,,,,,,,,,,,,,,,,,,,,,,,,,,,,,,,,,,,,,,,,,,,,,
164,2003-08-01,,,,,,,,,,,,,,,,,,,,,,,,,,,,,,,,,,,,,,,,,,,,,,,,,,,,,,,
165,2003-09-01,,,,,,,,,,,,,,,,,,,,,,,,,,,,,,,,,,,,,,,,,,,,,,,,,,,,,,,
166,2003-10-01,,,,,,,,,,,,,,,,,,,,,,,,,,,,,,,,,,,,,,,,,,,,,,,,,,,,,,,
167,2003-11-01,,,,,,,,,,,,,,,,,,,,,,,,,,,,,,,,,,,,,,,,,,,,,,,,,,,,,,,
168,2003-12-01,,,,,,,,,,,,,,,,,,,,,,,,,,,,,,,,,,,,,,,,,,,,,,,,,,,,,,,
170,2004-01-01,,,,,,,,,,,,,,,,,,,,,,,,,,,,,,,,,,,,,,,,,,,,,,,,,,,,,,,
171,2004-02-01,,,,,,,,,,,,,,,,,,,,,,,,,,,,,,,,,,,,,,,,,,,,,,,,,,,,,,,
172,2004-03-01,,,,,,,,,,,,,,,,,,,,,,,,,,,,,,,,,,,,,,,,,,,,,,,,,,,,,,,
173,2004-04-01,,,,,,,,,,,,,,,,,,,,,,,,,,,,,,,,,,,,,,,,,,,,,,,,,,,,,,,
174,2004-05-01,,,,,,,,,,,,,,,,,,,,,,,,,,,,,,,,,,,,,,,,,,,,,,,,,,,,,,,
175,2004-06-01,,,,,,,,,,,,,,,,,,,,,,,,,,,,,,,,,,,,,,,,,,,,,,,,,,,,,,,
176,2004-07-01,,,,,,,,,,,,,,,,,,,,,,,,,,,,,,,,,,,,,,,,,,,,,,,,,,,,,,,
177,2004-08-01,,,,,,,,,,,,,,,,,,,,,,,,,,,,,,,,,,,,,,,,,,,,,,,,,,,,,,,
178,2004-09-01,,,,,,,,,,,,,,,,,,,,,,,,,,,,,,,,,,,,,,,,,,,,,,,,,,,,,,,
179,2004-10-01,,,,,,,,,,,,,,,,,,,,,,,,,,,,,,,,,,,,,,,,,,,,,,,,,,,,,,,
180,2004-11-01,,,,,,,,,,,,,,,,,,,,,,,,,,,,,,,,,,,,,,,,,,,,,,,,,,,,,,,
181,2004-12-01,,,,,,,,,,,,,,,,,,,,,,,,,,,,,,,,,,,,,,,,,,,,,,,,,,,,,,,
183,2005-01-01,,,,,,,,,,,,,,,,,,,,,,,,,,,,,,,,,,,,,,,,,,,,,,,,,,,,,,,
184,2005-02-01,,,,,,,,,,,,,,,,,,,,,,,,,,,,,,,,,,,,,,,,,,,,,,,,,,,,,,,
185,2005-03-01,,,,,,,,,,,,,,,,,,,,,,,,,,,,,,,,,,,,,,,,,,,,,,,,,,,,,,,
186,2005-04-01,,,,,,,,,,,,,,,,,,,,,,,,,,,,,,,,,,,,,,,,,,,,,,,,,,,,,,,
187,2005-05-01,,,,,,,,,,,,,,,,,,,,,,,,,,,,,,,,,,,,,,,,,,,,,,,,,,,,,,,
188,2005-06-01,,,,,,,,,,,,,,,,,,,,,,,,,,,,,,,,,,,,,,,,,,,,,,,,,,,,,,,
189,2005-07-01,,,,,,,,,,,,,,,,,,,,,,,,,,,,,,,,,,,,,,,,,,,,,,,,,,,,,,,
190,2005-08-01,,,,,,,,,,,,,,,,,,,,,,,,,,,,,,,,,,,,,,,,,,,,,,,,,,,,,,,
191,2005-09-01,,,,,,,,,,,,,,,,,,,,,,,,,,,,,,,,,,,,,,,,,,,,,,,,,,,,,,,
192,2005-10-01,,,,,,,,,,,,,,,,,,,,,,,,,,,,,,,,,,,,,,,,,,,,,,,,,,,,,,,
193,2005-11-01,,,,,,,,,,,,,,,,,,,,,,,,,,,,,,,,,,,,,,,,,,,,,,,,,,,,,,,
194,2005-12-01,,,,,,,,,,,,,,,,,,,,,,,,,,,,,,,,,,,,,,,,,,,,,,,,,,,,,,,
196,2006-01-01,,,,,,,,,,,,,,,,,,,,,,,,,,,,,,,,,,,,,,,,,,,,,,,,,,,,,,,
197,2006-02-01,,,,,,,,,,,,,,,,,,,,,,,,,,,,,,,,,,,,,,,,,,,,,,,,,,,,,,,
198,2006-03-01,,,,,,,,,,,,,,,,,,,,,,,,,,,,,,,,,,,,,,,,,,,,,,,,,,,,,,,
199,2006-04-01,,,,,,,,,,,,,,,,,,,,,,,,,,,,,,,,,,,,,,,,,,,,,,,,,,,,,,,
200,2006-05-01,,,,,,,,,,,,,,,,,,,,,,,,,,,,,,,,,,,,,,,,,,,,,,,,,,,,,,,
201,2006-06-01,,,,,,,,,,,,,,,,,,,,,,,,,,,,,,,,,,,,,,,,,,,,,,,,,,,,,,,
202,2006-07-01,,,,,,,,,,,,,,,,,,,,,,,,,,,,,,,,,,,,,,,,,,,,,,,,,,,,,,,
203,2006-08-01,,,,,,,,,,,,,,,,,,,,,,,,,,,,,,,,,,,,,,,,,,,,,,,,,,,,,,,
204,2006-09-01,,,,,,,,,,,,,,,,,,,,,,,,,,,,,,,,,,,,,,,,,,,,,,,,,,,,,,,
205,2006-10-01,,,,,,,,,,,,,,,,,,,,,,,,,,,,,,,,,,,,,,,,,,,,,,,,,,,,,,,
206,2006-11-01,,,,,,,,,,,,,,,,,,,,,,,,,,,,,,,,,,,,,,,,,,,,,,,,,,,,,,,
207,2006-12-01,,,,,,,,,,,,,,,,,,,,,,,,,,,,,,,,,,,,,,,,,,,,,,,,,,,,,,,
209,2007-01-01,,,,,,,,,,,,,,,,,,,,,,,,,,,,,,,,,,,,,,,,,,,,,,,,,,,,,,,
210,2007-02-01,,,,,,,,,,,,,,,,,,,,,,,,,,,,,,,,,,,,,,,,,,,,,,,,,,,,,,,
211,2007-03-01,,,,,,,,,,,,,,,,,,,,,,,,,,,,,,,,,,,,,,,,,,,,,,,,,,,,,,,
212,2007-04-01,,,,,,,,,,,,,,,,,,,,,,,,,,,,,,,,,,,,,,,,,,,,,,,,,,,,,,,
213,2007-05-01,,,,,,,,,,,,,,,,,,,,,,,,,,,,,,,,,,,,,,,,,,,,,,,,,,,,,,,
214,2007-06-01,,,,,,,,,,,,,,,,,,,,,,,,,,,,,,,,,,,,,,,,,,,,,,,,,,,,,,,
215,2007-07-01,,,,,,,,,,,,,,,,,,,,,,,,,,,,,,,,,,,,,,,,,,,,,,,,,,,,,,,
216,2007-08-01,,,,,,,,,,,,,,,,,,,,,,,,,,,,,,,,,,,,,,,,,,,,,,,,,,,,,,,
217,2007-09-01,,,,,,,,,,,,,,,,,,,,,,,,,,,,,,,,,,,,,,,,,,,,,,,,,,,,,,,
218,2007-10-01,,,,,,,,,,,,,,,,,,,,,,,,,,,,,,,,,,,,,,,,,,,,,,,,,,,,,,,
219,2007-11-01,,,,,,,,,,,,,,,,,,,,,,,,,,,,,,,,,,,,,,,,,,,,,,,,,,,,,,,
220,2007-12-01,,,,,,,,,,,,,,,,,,,,,,,,,,,,,,,,,,,,,,,,,,,,,,,,,,,,,,,
222,2008-01-01,,,,,,,,,,,,,,,,,,,,,,,,,,,,,,,,,,,,,,,,,,,,,,,,,,,,,,,
223,2008-02-01,,,,,,,,,,,,,,,,,,,,,,,,,,,,,,,,,,,,,,,,,,,,,,,,,,,,,,,
224,2008-03-01,,,,,,,,,,,,,,,,,,,,,,,,,,,,,,,,,,,,,,,,,,,,,,,,,,,,,,,
225,2008-04-01,,,,,,,,,,,,,,,,,,,,,,,,,,,,,,,,,,,,,,,,,,,,,,,,,,,,,,,
226,2008-05-01,,,,,,,,,,,,,,,,,,,,,,,,,,,,,,,,,,,,,,,,,,,,,,,,,,,,,,,
227,2008-06-01,,,,,,,,,,,,,,,,,,,,,,,,,,,,,,,,,,,,,,,,,,,,,,,,,,,,,,,
228,2008-07-01,,,,,,,,,,,,,,,,,,,,,,,,,,,,,,,,,,,,,,,,,,,,,,,,,,,,,,,
229,2008-08-01,,,,,,,,,,,,,,,,,,,,,,,,,,,,,,,,,,,,,,,,,,,,,,,,,,,,,,,
230,2008-09-01,,,,,,,,,,,,,,,,,,,,,,,,,,,,,,,,,,,,,,,,,,,,,,,,,,,,,,,
231,2008-10-01,,,,,,,,,,,,,,,,,,,,,,,,,,,,,,,,,,,,,,,,,,,,,,,,,,,,,,,
232,2008-11-01,,,,,,,,,,,,,,,,,,,,,,,,,,,,,,,,,,,,,,,,,,,,,,,,,,,,,,,
233,2008-12-01,,,,,,,,,,,,,,,,,,,,,,,,,,,,,,,,,,,,,,,,,,,,,,,,,,,,,,,
235,2009-01-01,,,,,,,,,,,,,,,,,,,,,,,,,,,,,,,,,,,,,,,,,,,,,,,,,,,,,,,
236,2009-02-01,,,,,,,,,,,,,,,,,,,,,,,,,,,,,,,,,,,,,,,,,,,,,,,,,,,,,,,
237,2009-03-01,,,,,,,,,,,,,,,,,,,,,,,,,,,,,,,,,,,,,,,,,,,,,,,,,,,,,,,
238,2009-04-01,,,,,,,,,,,,,,,,,,,,,,,,,,,,,,,,,,,,,,,,,,,,,,,,,,,,,,,
239,2009-05-01,,,,,,,,,,,,,,,,,,,,,,,,,,,,,,,,,,,,,,,,,,,,,,,,,,,,,,,
240,2009-06-01,,,,,,,,,,,,,,,,,,,,,,,,,,,,,,,,,,,,,,,,,,,,,,,,,,,,,,,
241,2009-07-01,,,,,,,,,,,,,,,,,,,,,,,,,,,,,,,,,,,,,,,,,,,,,,,,,,,,,,,
242,2009-08-01,,,,,,,,,,,,,,,,,,,,,,,,,,,,,,,,,,,,,,,,,,,,,,,,,,,,,,,
243,2009-09-01,,,,,,,,,,,,,,,,,,,,,,,,,,,,,,,,,,,,,,,,,,,,,,,,,,,,,,,
244,2009-10-01,,,,,,,,,,,,,,,,,,,,,,,,,,,,,,,,,,,,,,,,,,,,,,,,,,,,,,,
245,2009-11-01,,,,,,,,,,,,,,,,,,,,,,,,,,,,,,,,,,,,,,,,,,,,,,,,,,,,,,,
246,2009-12-01,,,,,,,,,,,,,,,,,,,,,,,,,,,,,,,,,,,,,,,,,,,,,,,,,,,,,,,
248,2010-01-01,,,,,,,,,,,,,,,,,,,,,,,,,,,,,,,,,,,,,,,,,,,,,,,,,,,,,,,
249,2010-02-01,,,,,,,,,,,,,,,,,,,,,,,,,,,,,,,,,,,,,,,,,,,,,,,,,,,,,,,
250,2010-03-01,,,,,,,,,,,,,,,,,,,,,,,,,,,,,,,,,,,,,,,,,,,,,,,,,,,,,,,
251,2010-04-01,,,,,,,,,,,,,,,,,,,,,,,,,,,,,,,,,,,,,,,,,,,,,,,,,,,,,,,
252,2010-05-01,,,,,,,,,,,,,,,,,,,,,,,,,,,,,,,,,,,,,,,,,,,,,,,,,,,,,,,
253,2010-06-01,,,,,,,,,,,,,,,,,,,,,,,,,,,,,,,,,,,,,,,,,,,,,,,,,,,,,,,
254,2010-07-01,,,,,,,,,,,,,,,,,,,,,,,,,,,,,,,,,,,,,,,,,,,,,,,,,,,,,,,
255,2010-08-01,,,,,,,,,,,,,,,,,,,,,,,,,,,,,,,,,,,,,,,,,,,,,,,,,,,,,,,
256,2010-09-01,,,,,,,,,,,,,,,,,,,,,,,,,,,,,,,,,,,,,,,,,,,,,,,,,,,,,,,
257,2010-10-01,,,,,,,,,,,,,,,,,,,,,,,,,,,,,,,,,,,,,,,,,,,,,,,,,,,,,,,
258,2010-11-01,,,,,,,,,,,,,,,,,,,,,,,,,,,,,,,,,,,,,,,,,,,,,,,,,,,,,,,
259,2010-12-01,,,,,,,,,,,,,,,,,,,,,,,,,,,,,,,,,,,,,,,,,,,,,,,,,,,,,,,
261,2011-01-01,,,,,,,,,,,,,,,,,,,,,,,,,,,,,,,,,,,,,,,,,,,,,,,,,,,,,,,
262,2011-02-01,,,,,,,,,,,,,,,,,,,,,,,,,,,,,,,,,,,,,,,,,,,,,,,,,,,,,,,
263,2011-03-01,,,,,,,,,,,,,,,,,,,,,,,,,,,,,,,,,,,,,,,,,,,,,,,,,,,,,,,
264,2011-04-01,,,,,,,,,,,,,,,,,,,,,,,,,,,,,,,,,,,,,,,,,,,,,,,,,,,,,,,
265,2011-05-01,,,,,,,,,,,,,,,,,,,,,,,,,,,,,,,,,,,,,,,,,,,,,,,,,,,,,,,
266,2011-06-01,,,,,,,,,,,,,,,,,,,,,,,,,,,,,,,,,,,,,,,,,,,,,,,,,,,,,,,
267,2011-07-01,,,,,,,,,,,,,,,,,,,,,,,,,,,,,,,,,,,,,,,,,,,,,,,,,,,,,,,
268,2011-08-01,,,,,,,,,,,,,,,,,,,,,,,,,,,,,,,,,,,,,,,,,,,,,,,,,,,,,,,
269,2011-09-01,,,,,,,,,,,,,,,,,,,,,,,,,,,,,,,,,,,,,,,,,,,,,,,,,,,,,,,
270,2011-10-01,,,,,,,,,,,,,,,,,,,,,,,,,,,,,,,,,,,,,,,,,,,,,,,,,,,,,,,
271,2011-11-01,,,,,,,,,,,,,,,,,,,,,,,,,,,,,,,,,,,,,,,,,,,,,,,,,,,,,,,
272,2011-12-01,,,,,,,,,,,,,,,,,,,,,,,,,,,,,,,,,,,,,,,,,,,,,,,,,,,,,,,
274,2012-01-01,,,,,,,,,,,,,,,,,,,,,,,,,,,,,,,,,,,,,,,,,,,,,,,,,,,,,,,
275,2012-02-01,,,,,,,,,,,,,,,,,,,,,,,,,,,,,,,,,,,,,,,,,,,,,,,,,,,,,,,
276,2012-03-01,,,,,,,,,,,,,,,,,,,,,,,,,,,,,,,,,,,,,,,,,,,,,,,,,,,,,,,
277,2012-04-01,,,,,,,,,,,,,,,,,,,,,,,,,,,,,,,,,,,,,,,,,,,,,,,,,,,,,,,
278,2012-05-01,,,,,,,,,,,,,,,,,,,,,,,,,,,,,,,,,,,,,,,,,,,,,,,,,,,,,,,
279,2012-06-01,,,,,,,,,,,,,,,,,,,,,,,,,,,,,,,,,,,,,,,,,,,,,,,,,,,,,,,
280,2012-07-01,,,,,,,,,,,,,,,,,,,,,,,,,,,,,,,,,,,,,,,,,,,,,,,,,,,,,,,
281,2012-08-01,,,,,,,,,,,,,,,,,,,,,,,,,,,,,,,,,,,,,,,,,,,,,,,,,,,,,,,
282,2012-09-01,,,,,,,,,,,,,,,,,,,,,,,,,,,,,,,,,,,,,,,,,,,,,,,,,,,,,,,
283,2012-10-01,,,,,,,,,,,,,,,,,,,,,,,,,,,,,,,,,,,,,,,,,,,,,,,,,,,,,,,
284,2012-11-01,,,,,,,,,,,,,,,,,,,,,,,,,,,,,,,,,,,,,,,,,,,,,,,,,,,,,,,
285,2012-12-01,,,,,,,,,,,,,,,,,,,,,,,,,,,,,,,,,,,,,,,,,,,,,,,,,,,,,,,
287,2013-01-01,,,,,,,,,,,,,,,,,,,,,,,,,,,,,,,,,,,,,,,,,,,,,,,,,,,,,,,
288,2013-02-01,,,,,,,,,,,,,,,,,,,,,,,,,,,,,,,,,,,,,,,,,,,,,,,,,,,,,,,
289,2013-03-01,,,,,,,,,,,,,,,,,,,,,,,,,,,,,,,,,,,,,,,,,,,,,,,,,,,,,,,
290,2013-04-01,,,,,,,,,,,,,,,,,,,,,,,,,,,,,,,,,,,,,,,,,,,,,,,,,,,,,,,
291,2013-05-01,,,,,,,,,,,,,,,,,,,,,,,,,,,,,,,,,,,,,,,,,,,,,,,,,,,,,,,
292,2013-06-01,,,,,,,,,,,,,,,,,,,,,,,,,,,,,,,,,,,,,,,,,,,,,,,,,,,,,,,
293,2013-07-01,,,,,,,,,,,,,,,,,,,,,,,,,,,,,,,,,,,,,,,,,,,,,,,,,,,,,,,
294,2013-08-01,,,,,,,,,,,,,,,,,,,,,,,,,,,,,,,,,,,,,,,,,,,,,,,,,,,,,,,
295,2013-09-01,,,,,,,,,,,,,,,,,,,,,,,,,,,,,,,,,,,,,,,,,,,,,,,,,,,,,,,
296,2013-10-01,,,,,,,,,,,,,,,,,,,,,,,,,,,,,,,,,,,,,,,,,,,,,,,,,,,,,,,
297,2013-11-01,,,,,,,,,,,,,,,,,,,,,,,,,,,,,,,,,,,,,,,,,,,,,,,,,,,,,,,
298,2013-12-01,,,,,,,,,,,,,,,,,,,,,,,,,,,,,,,,,,,,,,,,,,,,,,,,,,,,,,,
300,2014-01-01,,,,,,,,,,,,,,,,,,,,,,,,,,,,,,,,,,,,,,,,,,,,,,,,,,,,,,,
301,2014-02-01,,,,,,,,,,,,,,,,,,,,,,,,,,,,,,,,,,,,,,,,,,,,,,,,,,,,,,,
302,2014-03-01,,,,,,,,,,,,,,,,,,,,,,,,,,,,,,,,,,,,,,,,,,,,,,,,,,,,,,,
303,2014-04-01,,,,,,,,,,,,,,,,,,,,,,,,,,,,,,,,,,,,,,,,,,,,,,,,,,,,,,,
304,2014-05-01,,,,,,,,,,,,,,,,,,,,,,,,,,,,,,,,,,,,,,,,,,,,,,,,,,,,,,,
305,2014-06-01,,,,,,,,,,,,,,,,,,,,,,,,,,,,,,,,,,,,,,,,,,,,,,,,,,,,,,,
306,2014-07-01,,,,,,,,,,,,,,,,,,,,,,,,,,,,,,,,,,,,,,,,,,,,,,,,,,,,,,,
307,2014-08-01,,,,,,,,,,,,,,,,,,,,,,,,,,,,,,,,,,,,,,,,,,,,,,,,,,,,,,,
308,2014-09-01,,,,,,,,,,,,,,,,,,,,,,,,,,,,,,,,,,,,,,,,,,,,,,,,,,,,,,,
309,2014-10-01,,,,,,,,,,,,,,,,,,,,,,,,,,,,,,,,,,,,,,,,,,,,,,,,,,,,,,,
310,2014-11-01,,,,,,,,,,,,,,,,,,,,,,,,,,,,,,,,,,,,,,,,,,,,,,,,,,,,,,,
311,2014-12-01,,,,,,,,,,,,,,,,,,,,,,,,,,,,,,,,,,,,,,,,,,,,,,,,,,,,,,,
313,2015-01-01,,,,,,,,,,,,,,,,,,,,,,,,,,,,,,,,,,,,,,,,,,,,,,,,,,,,,,,
314,2015-02-01,,,,,,,,,,,,,,,,,,,,,,,,,,,,,,,,,,,,,,,,,,,,,,,,,,,,,,,
315,2015-03-01,,,,,,,,,,,,,,,,,,,,,,,,,,,,,,,,,,,,,,,,,,,,,,,,,,,,,,,
316,2015-04-01,,,,,,,,,,,,,,,,,,,,,,,,,,,,,,,,,,,,,,,,,,,,,,,,,,,,,,,
317,2015-05-01,,,,,,,,,,,,,,,,,,,,,,,,,,,,,,,,,,,,,,,,,,,,,,,,,,,,,,,
318,2015-06-01,,,,,,,,,,,,,,,,,,,,,,,,,,,,,,,,,,,,,,,,,,,,,,,,,,,,,,,
319,2015-07-01,,,,,,,,,,,,,,,,,,,,,,,,,,,,,,,,,,,,,,,,,,,,,,,,,,,,,,,
320,2015-08-01,,,,,,,,,,,,,,,,,,,,,,,,,,,,,,,,,,,,,,,,,,,,,,,,,,,,,,,
321,2015-09-01,,,,,,,,,,,,,,,,,,,,,,,,,,,,,,,,,,,,,,,,,,,,,,,,,,,,,,,
322,2015-10-01,,,,,,,,,,,,,,,,,,,,,,,,,,,,,,,,,,,,,,,,,,,,,,,,,,,,,,,
323,2015-11-01,,,,,,,,,,,,,,,,,,,,,,,,,,,,,,,,,,,,,,,,,,,,,,,,,,,,,,,
324,2015-12-01,,,,,,,,,,,,,,,,,,,,,,,,,,,,,,,,,,,,,,,,,,,,,,,,,,,,,,,
326,2016-01-01,,,,,,,,,,,,,,,,,,,,,,,,,,,,,,,,,,,,,,,,,,,,,,,,,,,,,,,
327,2016-02-01,,,,,,,,,,,,,,,,,,,,,,,,,,,,,,,,,,,,,,,,,,,,,,,,,,,,,,,
328,2016-03-01,,,,,,,,,,,,,,,,,,,,,,,,,,,,,,,,,,,,,,,,,,,,,,,,,,,,,,,
329,2016-04-01,,,,,,,,,,,,,,,,,,,,,,,,,,,,,,,,,,,,,,,,,,,,,,,,,,,,,,,
330,2016-05-01,,,,,,,,,,,,,,,,,,,,,,,,,,,,,,,,,,,,,,,,,,,,,,,,,,,,,,,
331,2016-06-01,,,,,,,,,,,,,,,,,,,,,,,,,,,,,,,,,,,,,,,,,,,,,,,,,,,,,,,
332,2016-07-01,,,,,,,,,,,,,,,,,,,,,,,,,,,,,,,,,,,,,,,,,,,,,,,,,,,,,,,
333,2016-08-01,,,,,,,,,,,,,,,,,,,,,,,,,,,,,,,,,,,,,,,,,,,,,,,,,,,,,,,
334,2016-09-01,,,,,,,,,,,,,,,,,,,,,,,,,,,,,,,,,,,,,,,,,,,,,,,,,,,,,,,
335,2016-10-01,,,,,,,,,,,,,,,,,,,,,,,,,,,,,,,,,,,,,,,,,,,,,,,,,,,,,,,
336,2016-11-01,,,,,,,,,,,,,,,,,,,,,,,,,,,,,,,,,,,,,,,,,,,,,,,,,,,,,,,
337,2016-12-01,,,,,,,,,,,,,,,,,,,,,,,,,,,,,,,,,,,,,,,,,,,,,,,,,,,,,,,
339,2017-01-01,20.38,15.0,11.99,12.68,8.59,13.76,8.53,11.02,32.48,8.06,9.14,,89.46,77.59,42.12,72.19,67.82,65.43,17.93,75.77,42.24,22.02,29.68,32.97,43.77,12.15,4.07,4.64,4.16,4.67,5.58,17.09,,71.38,52.42,12.54,17.47,19.3,25.7,15.4,2675.14,13.58,91.6,9.04,43.91,6.27,11.39,317.91,23.19,23.97,21.5,12.05,2.46,14.81,799.02
340,2017-02-01,20.3,15.45,12.41,13.15,8.92,13.89,8.68,11.22,32.96,8.23,9.25,,93.68,80.06,42.7,72.99,68.97,65.93,18.58,77.69,43.67,18.33,30.7,33.3,43.92,12.43,4.25,4.58,4.41,4.88,6.11,17.61,,71.51,52.82,12.74,17.95,20.01,26.24,15.85,2684.27,13.67,91.35,9.1,44.11,6.31,11.48,326.2,23.73,24.53,22.12,11.53,2.51,15.02,799.03
341,2017-03-01,20.47,15.79,12.67,13.4,9.09,14.02,8.94,11.29,32.93,8.38,9.38,,95.69,80.8,42.95,73.89,69.68,66.21,19.04,79.2,44.93,16.97,31.06,33.44,44.08,12.67,4.23,4.25,4.47,4.87,6.25,18.27,,71.51,53.16,12.92,18.34,20.52,26.55,16.21,2708.66,13.65,91.11,9.09,44.41,6.3,11.43,331.82,23.75,24.58,22.11,11.31,2.62,15.15,799.74
342,2017-04-01,20.63,15.87,12.78,13.56,9.19,14.12,9.08,11.31,32.27,8.43,9.4,,97.49,84.62,43.83,75.06,70.8,66.61,19.26,79.34,45.32,13.9,31.04,33.74,44.61,13.63,5.98,4.95,5.09,6.49,6.71,18.48,,71.75,54.03,12.98,18.76,21.02,27.22,16.67,2736.04,13.69,91.25,9.09,44.66,6.38,11.46,333.79,24.05,24.86,22.35,11.51,2.77,15.18,799.74
343,2017-05-01,20.71,15.98,12.87,13.67,9.28,14.2,9.15,11.16,31.02,8.51,9.31,,99.28,90.71,44.45,76.06,71.08,67.21,19.35,78.85,45.67,12.06,31.02,33.74,44.97,17.46,10.7,7.69,6.54,11.55,8.36,18.54,,72.59,54.24,13.18,19.77,22.3,28.58,17.39,2760.07,13.8,91.6,9.19,44.95,6.44,11.41,333.74,24.24,25.08,22.67,11.64,2.79,15.29,802.08
344,2017-06-01,21.2,16.16,13.0,13.79,9.34,14.14,9.16,11.25,29.78,8.49,9.33,,102.7,99.13,45.35,78.2,72.7,66.32,19.29,78.86,45.63,14.09,30.86,33.75,46.69,22.91,14.66,11.98,9.58,14.26,11.12,18.58,,73.57,54.11,13.26,20.79,23.57,29.81,18.12,2756.97,13.95,91.86,9.26,45.0,6.5,11.33,338.34,24.04,24.85,22.46,11.13,2.82,15.79,803.54
345,2017-07-01,21.69,16.26,13.11,13.93,9.39,14.17,9.17,11.3,28.51,8.51,9.35,,105.43,105.64,49.85,83.94,75.09,66.05,19.4,78.77,45.88,12.85,31.16,33.64,49.66,23.44,13.96,11.51,7.83,14.02,8.99,18.45,,74.12,55.03,13.23,21.52,24.48,30.4,18.69,2777.55,14.03,92.5,9.29,44.96,6.56,11.34,342.14,23.81,24.62,22.07,10.76,2.88,15.9,804.07
346,2017-08-01,22.02,16.52,13.28,14.07,9.54,14.14,9.12,11.38,28.08,8.56,9.57,,106.84,107.57,53.94,88.19,76.2,65.34,19.61,80.1,46.37,15.12,31.55,33.67,51.94,18.8,7.14,8.89,5.7,9.42,7.44,18.5,,74.57,55.49,13.31,22.05,25.14,30.96,19.09,2806.47,14.03,92.71,9.29,45.08,6.66,11.41,343.75,23.83,24.65,21.91,12.37,2.96,15.95,806.54
347,2017-09-01,22.42,16.68,13.5,14.29,9.71,14.26,9.19,11.5,27.36,8.58,10.22,,110.1,112.25,55.5,91.57,78.02,64.73,19.95,81.63,47.23,19.78,32.08,33.69,57.59,16.42,6.19,6.88,5.64,8.34,6.76,18.43,,79.05,56.99,13.4,22.76,25.59,31.4,19.57,2877.61,14.05,93.24,9.37,45.17,6.83,11.53,346.04,24.35,25.16,22.28,14.82,3.03,15.68,808.05
348,2017-10-01,22.83,17.08,13.72,14.63,9.84,14.3,9.21,11.58,25.57,8.75,11.64,,112.12,111.4,55.26,92.14,80.22,65.15,20.7,84.45,48.29,22.72,33.5,33.64,63.82,16.0,5.01,5.83,5.57,7.47,6.19,17.43,,80.54,57.53,13.51,23.16,25.93,31.56,20.03,2910.97,14.08,95.03,9.48,45.31,6.91,11.86,349.93,25.68,26.54,23.97,13.11,3.06,15.7,816.32
349,2017-11-01,23.07,17.58,13.98,14.87,10.08,14.31,9.32,11.69,23.85,9.16,13.54,,112.53,109.09,53.95,90.16,81.52,65.56,21.27,87.17,49.74,25.24,34.57,33.97,67.25,16.43,4.41,5.43,5.57,6.84,5.95,16.4,,81.11,58.02,13.53,23.33,26.07,31.78,20.19,2933.14,14.21,96.19,9.56,45.59,7.06,12.08,357.76,26.61,27.47,25.14,12.66,3.11,15.74,828.52
350,2017-12-01,23.09,18.09,14.19,15.08,10.34,14.43,9.44,11.74,22.54,9.53,14.97,,114.3,109.47,53.9,89.51,82.53,65.93,21.77,89.86,50.98,27.0,35.37,34.18,68.76,16.76,4.35,5.46,6.29,6.72,6.0,15.78,,81.23,58.37,13.63,23.52,26.29,32.08,20.32,2940.36,14.3,97.51,9.65,46.07,7.13,12.22,361.46,27.3,28.14,25.8,12.71,3.12,15.69,833.06
352,2018-01-01,23.3,18.49,14.41,15.4,10.45,14.91,9.55,11.71,21.53,9.84,16.02,,117.14,110.28,54.86,91.45,82.57,66.49,22.01,89.66,51.14,27.95,35.95,34.18,72.2,17.47,4.96,5.73,7.08,7.18,6.43,15.62,,81.06,58.75,13.78,23.68,26.86,32.73,20.66,3000.82,14.47,98.36,9.79,46.48,7.39,12.53,376.85,28.58,29.43,27.03,13.06,3.17,16.95,842.97
353,2018-02-01,23.23,18.72,14.68,15.53,10.73,15.04,9.65,11.73,20.84,9.95,16.67,,120.39,107.93,53.72,89.91,83.82,67.59,21.95,90.93,51.64,27.5,36.03,34.43,71.67,18.17,5.86,5.79,8.06,7.9,6.89,15.47,,81.24,59.07,13.92,23.98,27.61,33.32,21.1,3032.4,14.61,99.36,9.84,46.31,7.4,12.72,383.42,29.2,30.05,27.89,13.31,3.22,17.12,854.42
354,2018-03-01,23.42,19.02,14.9,15.84,10.83,15.11,9.74,11.8,20.01,10.07,16.84,,122.16,109.8,54.08,90.07,85.44,68.51,22.13,91.49,52.17,27.29,36.53,34.48,71.51,19.68,7.46,6.31,10.85,10.93,7.58,15.31,,81.54,59.24,14.08,24.35,28.09,34.07,21.48,3062.4,14.75,100.48,9.85,46.33,7.44,12.79,388.02,28.5,29.33,27.09,12.75,3.23,17.26,856.44
355,2018-04-01,23.52,19.26,15.14,16.04,10.97,15.27,9.79,11.82,18.78,10.23,17.31,,124.7,115.76,55.17,91.49,86.39,68.99,22.03,91.07,52.4,26.65,36.55,34.58,70.44,21.23,9.18,6.84,12.65,12.89,7.83,15.15,,81.76,59.27,14.2,24.77,28.76,34.9,21.94,3069.64,14.94,100.77,9.85,46.34,7.45,12.75,390.01,28.28,29.15,26.94,12.58,3.4,17.29,857.64
356,2018-05-01,23.37,19.32,15.27,16.14,10.93,15.36,9.88,11.97,17.38,10.3,17.86,,124.48,115.14,54.81,89.85,87.32,69.58,22.13,89.86,52.65,24.17,36.41,34.39,68.77,21.86,12.34,6.57,12.57,13.72,7.54,14.83,,82.01,60.19,14.47,25.52,29.39,35.72,22.67,3087.38,15.01,100.99,9.95,46.53,7.51,12.9,391.84,28.34,29.34,27.12,13.06,3.47,17.31,863.05
357,2018-06-01,23.27,19.37,15.35,16.21,11.01,15.37,9.99,12.01,17.18,10.42,18.3,,124.41,114.28,54.78,89.85,86.64,69.76,22.02,88.82,52.04,21.8,36.47,34.44,67.96,21.17,11.59,7.74,15.48,23.03,8.73,14.67,,81.93,60.41,14.51,26.32,30.15,36.41,23.0,3115.74,15.01,100.3,9.98,46.07,7.5,12.96,393.93,28.39,29.4,27.29,13.28,3.5,17.79,883.75
358,2018-07-01,23.44,19.54,15.49,16.44,11.09,15.5,10.04,12.07,17.76,10.44,18.98,,124.51,114.26,54.9,90.86,88.13,70.32,21.9,88.43,51.98,20.11,36.21,34.41,67.78,19.11,8.11,7.1,10.38,26.15,7.95,14.92,,82.12,60.61,14.78,27.06,31.0,37.01,23.36,3142.58,15.08,100.56,10.02,46.03,7.54,13.02,396.08,28.24,29.26,27.08,13.64,3.75,18.06,882.19
359,2018-08-01,23.41,19.59,15.68,16.64,11.15,15.55,10.23,12.32,17.59,10.62,19.76,,124.99,114.65,55.69,95.08,88.53,70.31,21.99,88.79,52.2,21.3,36.12,34.48,67.8,14.07,7.3,8.42,7.05,15.13,7.56,14.9,,82.43,60.72,14.86,27.47,31.47,37.28,23.6,3219.17,15.26,100.32,10.01,47.05,7.56,13.13,398.6,28.49,29.54,27.33,14.13,4.03,18.13,894.67
360,2018-09-01,23.78,20.18,16.14,17.08,11.58,16.1,10.74,12.92,17.41,10.91,21.06,,126.0,117.88,58.62,103.31,89.85,70.67,22.36,90.31,53.09,24.27,36.66,34.59,70.01,11.24,7.23,8.04,7.15,11.9,6.86,14.83,,82.86,60.54,14.87,27.82,31.89,37.55,23.9,3251.13,15.4,101.79,10.07,47.6,7.6,13.22,402.58,30.09,31.17,28.93,14.62,4.1,18.0,898.39
361,2018-10-01,24.03,20.9,16.54,17.44,11.96,16.59,11.1,13.33,16.94,11.26,22.54,,126.93,118.22,58.64,104.1,91.17,71.45,22.85,92.75,54.37,24.93,37.14,34.83,73.47,10.19,7.2,10.5,7.64,12.09,6.52,14.49,,89.69,61.88,14.97,28.25,32.41,38.19,24.27,3276.79,15.57,103.35,10.13,47.95,7.63,13.58,408.51,31.79,32.92,31.38,15.78,4.1,18.06,896.65
362,2018-11-01,24.11,21.5,17.22,17.98,12.36,16.93,11.24,13.68,16.63,11.54,23.13,,127.43,115.86,58.32,103.56,92.2,72.9,23.39,95.24,55.41,24.81,38.25,34.98,75.71,9.43,7.21,12.87,8.07,11.14,6.76,14.24,,90.35,62.3,15.12,28.57,32.81,38.93,24.53,3298.74,15.86,104.09,10.26,48.0,7.71,13.86,413.57,31.12,32.28,31.87,16.26,4.24,18.09,904.86
363,2018-12-01,23.76,21.75,17.48,18.25,12.57,17.34,11.34,13.8,16.33,11.83,23.92,,128.12,115.42,57.83,104.51,93.2,73.35,23.73,97.75,56.62,24.56,38.96,35.0,76.33,9.21,8.86,16.82,10.94,11.95,7.99,14.09,,90.64,62.9,15.13,28.99,33.39,39.64,25.0,3352.66,16.17,104.94,10.33,47.93,7.79,14.4,418.66,29.31,30.43,30.21,14.54,4.44,18.12,918.04
365,2019-01-01,23.71,22.2,17.78,18.61,12.77,17.61,11.36,13.77,16.34,11.98,25.06,,129.06,116.31,58.66,105.33,93.6,74.4,23.87,98.81,57.55,24.77,39.78,35.12,76.78,9.47,11.48,18.51,12.5,12.36,9.33,14.02,,91.04,63.29,15.38,29.49,34.1,40.72,25.57,3379.7,16.43,105.73,10.34,48.47,7.99,15.03,428.81,27.58,28.69,28.61,12.63,4.47,20.09,922.74
366,2019-02-01,23.49,22.47,18.01,18.81,12.92,17.82,11.5,13.92,16.76,12.39,26.48,,128.36,112.91,58.15,104.36,94.15,75.58,24.13,99.67,57.9,23.9,40.08,35.07,76.89,9.43,13.25,20.16,12.86,11.75,10.09,14.13,,90.93,64.11,15.64,29.9,34.7,41.57,25.96,3387.58,16.59,106.1,10.38,48.73,8.03,15.4,433.95,27.29,28.38,28.24,10.87,4.67,20.24,923.35
367,2019-03-01,23.38,22.63,18.22,19.02,13.02,18.0,11.64,14.0,16.78,12.63,28.27,,127.56,111.63,58.32,104.65,94.13,76.67,24.18,100.15,58.17,22.7,40.29,34.98,76.57,9.48,17.26,18.51,12.6,11.41,10.16,14.16,,91.21,64.32,15.84,30.18,35.26,42.14,26.26,3388.29,16.64,105.91,10.44,48.68,8.06,15.56,439.64,27.23,28.33,28.18,11.19,4.82,20.35,925.28
368,2019-04-01,23.06,22.85,18.41,19.2,13.09,18.19,11.71,14.36,16.7,12.65,32.54,,128.5,116.17,58.4,105.56,95.39,77.26,24.32,100.86,58.83,20.2,40.52,34.95,75.71,9.49,24.77,23.96,14.72,13.08,10.73,14.08,,91.48,65.05,16.14,30.61,35.9,42.6,26.83,3408.59,16.7,105.99,10.53,48.66,8.14,15.84,444.55,27.75,28.85,28.33,13.16,4.88,20.35,927.47
369,2019-05-01,22.84,23.08,18.68,19.69,13.28,18.25,11.82,14.44,16.51,12.57,34.68,,128.71,119.26,59.37,108.25,95.07,77.77,24.25,99.96,58.79,17.0,40.64,34.93,73.74,11.12,18.69,28.48,21.55,22.52,14.07,14.25,,91.53,65.47,16.3,31.48,36.59,43.04,27.25,3429.3,16.62,106.04,10.64,48.49,8.25,16.11,446.92,28.93,30.03,29.57,13.52,4.91,20.38,936.04
370,2019-06-01,22.68,24.05,18.99,20.04,13.49,18.27,11.83,14.25,16.58,12.39,36.1,,128.5,118.95,60.22,108.18,96.6,78.24,24.15,99.4,58.39,12.47,40.72,34.99,72.07,14.91,9.73,18.73,19.66,20.64,17.26,15.17,,91.46,66.15,16.55,32.16,37.24,43.6,27.76,3445.57,16.9,106.39,10.72,48.43,8.4,16.28,449.27,28.87,29.99,29.34,13.57,4.97,20.98,942.37
371,2019-07-01,22.84,24.21,19.08,20.29,13.57,18.31,11.84,14.12,16.47,12.13,36.09,,129.37,119.63,61.78,109.19,96.92,78.72,24.23,99.71,58.61,14.35,40.63,34.9,72.29,16.92,8.85,12.24,11.42,16.33,15.3,15.6,,91.81,66.01,16.72,32.71,37.86,44.06,28.45,3460.02,17.07,106.09,10.72,48.27,8.62,16.34,450.72,27.96,29.08,28.39,13.01,5.0,21.24,942.14
372,2019-08-01,22.87,23.9,19.15,20.39,13.64,18.24,11.74,14.0,17.0,12.08,35.22,,130.24,121.63,62.22,109.62,97.43,79.01,24.43,99.61,58.29,19.89,40.87,34.96,72.77,17.32,8.38,10.4,8.0,10.0,15.02,15.3,,91.86,66.15,16.92,33.27,38.35,44.44,29.05,3482.23,17.14,105.81,10.78,48.18,8.72,16.39,453.07,27.65,28.77,28.0,11.75,5.02,21.61,941.61
373,2019-09-01,23.1,23.54,19.24,20.54,13.63,18.29,11.65,14.05,20.79,11.91,32.18,,131.12,122.78,62.27,109.16,97.87,79.47,24.73,101.5,59.72,18.7,41.44,34.97,73.06,16.97,7.94,8.94,7.27,8.22,14.63,15.21,,92.08,66.1,17.06,33.98,39.01,45.16,29.53,3572.39,17.26,105.9,10.82,47.95,8.85,16.63,458.3,27.58,28.7,27.95,12.03,5.04,21.24,1035.98
374,2019-10-01,23.11,23.61,19.31,20.6,13.62,18.29,11.47,13.87,26.53,11.67,28.88,,132.2,122.31,62.07,107.89,97.68,79.32,25.14,103.17,60.49,20.45,41.84,34.84,73.7,16.5,7.45,8.73,7.18,7.75,15.29,14.85,,92.26,66.2,17.17,34.5,39.54,45.95,30.2,3632.81,17.48,106.22,10.92,47.86,8.99,16.88,460.24,27.55,28.68,27.99,11.87,5.06,21.77,1121.75
375,2019-11-01,23.22,23.77,19.55,20.69,13.82,18.14,11.28,13.76,27.24,11.59,27.29,,132.05,119.32,60.74,104.33,98.02,78.83,25.22,104.7,61.0,20.93,42.19,34.72,74.78,16.26,6.55,8.97,6.78,6.98,14.14,14.49,,92.3,66.19,17.19,35.06,40.1,46.71,30.72,3674.07,17.62,106.24,10.95,48.01,9.15,17.21,464.25,27.49,28.62,27.87,11.67,5.1,21.77,1123.12
376,2019-12-01,22.83,23.91,19.58,20.74,13.86,18.31,11.22,13.64,27.77,11.45,25.08,,132.81,119.24,59.37,101.72,99.29,78.32,25.31,105.7,62.03,21.07,42.59,34.44,75.84,16.34,6.06,8.96,6.52,6.4,13.52,14.3,,92.25,66.34,17.19,35.68,40.72,47.46,31.27,3701.02,17.59,105.35,10.92,47.73,9.22,17.47,466.08,26.98,28.09,27.45,12.53,5.11,21.81,1123.66
378,2020-01-01,22.32,24.14,19.74,20.67,13.75,18.09,11.1,13.21,28.36,11.35,23.0,,134.85,117.98,58.23,100.42,97.76,77.99,24.91,106.86,61.17,20.66,42.71,34.35,77.0,16.62,5.84,9.03,6.49,6.15,13.13,14.02,,92.06,66.75,17.24,36.38,41.41,48.41,32.61,3803.26,17.7,105.38,10.98,47.0,9.31,18.34,497.73,25.78,26.89,26.31,12.63,5.31,23.99,1134.86
379,2020-02-01,22.37,24.25,19.78,20.65,13.83,18.15,11.18,13.15,28.5,11.36,22.25,,136.69,115.75,55.09,94.83,99.94,78.2,24.99,107.26,61.16,17.07,42.7,34.31,76.35,16.79,5.54,9.52,6.41,6.03,12.8,14.14,,92.17,66.34,17.37,37.01,42.01,49.19,33.4,3811.64,17.72,105.75,11.03,46.77,9.36,18.59,504.42,25.41,26.51,25.81,11.84,5.37,24.26,1142.37
380,2020-03-01,22.83,24.38,19.81,20.77,13.85,18.45,11.34,13.48,30.02,11.45,22.21,,138.07,116.7,54.12,92.06,99.29,78.38,25.0,107.38,61.4,14.98,43.18,34.29,76.57,17.3,5.82,11.17,6.47,6.23,12.89,14.55,,92.25,66.94,17.38,37.74,42.63,49.99,34.05,3814.36,17.95,107.63,11.25,47.4,9.62,18.99,507.48,25.12,26.22,25.49,11.01,5.39,24.47,1143.63
381,2020-04-01,23.4,24.41,19.86,20.97,13.93,18.84,11.6,13.69,35.42,11.53,21.94,,141.06,121.9,52.22,88.18,99.56,79.1,25.01,107.41,61.77,16.34,43.3,34.4,75.45,19.25,6.57,18.46,6.84,6.88,14.75,15.25,,92.22,67.23,17.44,38.48,43.44,50.82,34.85,3792.63,18.33,110.43,11.45,48.95,10.0,19.16,508.6,22.84,23.91,23.31,9.79,5.39,24.49,1138.97
382,2020-05-01,23.77,24.39,19.98,21.06,13.95,18.99,11.75,13.99,36.74,11.58,21.62,,141.73,120.07,49.59,80.76,100.44,79.96,25.09,107.62,61.79,19.06,42.88,34.14,74.24,25.68,8.03,17.34,5.75,7.0,15.27,15.14,,92.23,67.08,17.61,39.45,44.28,51.57,35.44,3777.15,18.22,109.12,11.45,49.24,10.05,18.99,510.93,20.85,21.88,21.23,8.83,5.39,24.49,1139.96
383,2020-06-01,23.57,24.81,20.09,21.03,13.96,19.18,11.79,14.44,36.96,11.45,20.97,,142.65,118.76,50.5,83.1,100.88,80.19,24.95,106.72,61.85,19.1,43.27,34.31,73.81,34.71,8.04,12.51,7.57,12.53,16.06,14.94,,92.13,67.1,17.58,40.0,44.81,52.17,35.64,3810.54,18.13,109.06,11.46,49.08,10.26,18.87,520.27,20.79,21.91,21.24,11.07,5.41,25.02,1141.43
384,2020-07-01,23.43,24.94,20.12,21.04,14.03,19.26,11.67,14.46,37.18,11.38,20.2,,142.44,118.1,51.25,84.84,99.71,80.21,24.91,106.3,61.93,16.22,43.29,34.31,73.56,38.06,6.3,6.78,7.56,14.48,12.67,14.79,,92.42,67.08,17.61,40.42,45.38,52.52,36.08,3829.74,18.1,108.73,11.4,49.51,10.26,19.04,524.95,21.49,22.62,21.85,11.6,5.41,25.2,1147.92
385,2020-08-01,23.69,24.98,20.16,20.96,13.97,19.11,11.57,14.34,36.92,11.32,19.61,,142.59,119.51,52.18,87.39,99.49,80.1,24.83,106.31,61.83,16.79,43.43,34.62,73.27,28.96,5.89,5.91,6.26,10.85,10.02,14.71,,92.53,67.05,17.59,40.73,46.0,53.39,36.45,3852.08,18.26,109.75,11.52,50.36,10.46,18.81,527.81,22.11,23.22,22.45,12.01,5.51,25.31,1148.49
386,2020-09-01,23.8,25.36,20.37,21.07,14.08,19.08,11.43,14.41,36.86,11.41,18.64,,143.27,119.37,52.93,88.05,100.94,80.73,25.0,106.45,62.24,17.99,43.42,35.1,73.89,22.31,6.01,5.73,5.71,7.92,9.08,14.94,,92.55,66.82,17.53,41.43,46.85,54.69,37.04,3880.46,18.3,110.6,11.49,50.8,10.49,18.79,532.93,22.24,23.36,22.6,12.14,5.51,24.79,1149.62
387,2020-10-01,23.46,25.94,20.62,21.32,14.17,19.18,11.61,14.63,36.99,11.65,17.89,,143.29,119.13,54.38,90.03,102.54,80.31,25.19,108.25,62.6,22.19,43.64,37.53,75.3,19.46,5.76,5.32,5.48,6.9,8.96,18.3,,92.46,66.93,17.66,41.95,48.0,55.89,37.68,3890.09,18.27,111.39,11.56,51.03,10.52,18.37,537.51,22.41,23.54,22.65,12.38,5.51,24.79,1155.33
388,2020-11-01,23.7,26.52,20.99,21.83,14.56,19.6,12.31,15.21,37.28,12.32,17.5,,144.16,117.46,55.17,90.76,103.89,80.97,25.39,110.26,63.47,23.71,44.06,40.11,77.74,18.17,5.07,5.03,5.2,6.15,9.23,19.7,,92.69,66.96,17.46,42.61,48.91,57.03,38.21,3893.6,18.43,112.34,11.67,52.15,10.68,18.29,539.89,23.12,24.27,23.33,12.81,5.51,24.85,1160.06
389,2020-12-01,23.93,26.73,21.4,22.07,14.75,20.17,12.7,15.91,37.43,12.98,17.51,,144.82,115.86,55.96,91.71,103.91,80.97,25.6,111.46,63.81,27.48,44.47,42.07,78.95,18.21,4.76,5.12,5.39,6.0,10.15,20.9,,92.65,66.25,17.49,43.26,49.91,57.88,38.73,3903.31,18.52,112.43,11.76,52.73,10.91,18.29,547.92,23.82,24.96,24.05,12.71,5.51,24.86,1167.37
391,2021-01-01,24.55,27.7,21.98,23.0,14.89,20.79,13.18,16.26,37.56,13.49,17.51,,149.51,115.16,57.4,93.99,104.73,81.96,25.41,113.92,64.15,32.31,44.44,44.04,81.72,19.08,4.97,5.55,6.4,6.34,11.14,21.89,,92.96,66.68,17.93,44.4,51.55,59.19,39.35,3986.74,18.58,112.56,11.82,53.09,10.81,18.23,556.47,24.52,25.66,24.84,12.67,5.57,27.79,1194.4
392,2021-02-01,24.9,28.26,22.52,23.59,15.42,21.22,13.75,16.83,38.3,14.27,17.99,,153.99,115.33,60.13,97.37,106.31,83.05,25.83,114.18,65.59,32.26,45.04,47.55,82.49,19.76,5.73,6.28,7.56,7.39,11.87,23.13,,93.13,67.14,18.06,44.71,52.34,59.85,39.83,4024.53,18.57,112.09,11.86,53.33,10.7,18.01,568.55,26.07,27.19,26.35,14.58,5.58,29.0,1199.41
393,2021-03-01,25.99,29.33,23.19,24.27,15.86,22.88,14.14,17.44,40.01,14.75,18.51,,157.24,117.7,63.06,102.8,106.31,83.07,25.96,115.73,66.17,32.02,45.77,52.58,83.67,20.39,6.2,6.54,8.1,7.84,12.17,24.38,,93.33,67.75,18.14,45.31,52.9,60.49,40.33,4040.38,18.63,112.49,11.96,53.85,10.7,17.99,572.5,27.54,28.65,27.82,15.62,5.61,29.69,1208.14
394,2021-04-01,26.61,29.51,23.5,24.48,16.11,23.25,14.49,17.65,41.02,15.13,18.42,,159.13,118.33,65.35,104.46,107.21,82.36,25.99,116.95,67.0,31.8,46.06,58.05,83.79,20.66,6.18,6.35,8.19,7.72,11.92,25.63,,93.33,67.74,18.35,46.22,54.28,61.47,41.58,4056.51,18.92,112.99,12.09,54.61,10.9,18.15,576.01,27.73,28.73,28.08,15.88,5.68,30.46,1219.76
395,2021-05-01,27.01,29.68,23.76,24.77,16.27,23.11,14.38,17.29,41.44,15.41,18.2,,160.3,120.63,67.25,106.92,110.16,83.34,26.44,116.52,67.88,26.24,46.61,62.57,83.77,20.94,10.94,8.33,10.67,9.79,11.96,25.75,,93.39,68.71,18.23,47.08,55.09,62.19,42.27,4100.46,19.15,113.57,12.18,54.88,11.07,18.12,578.53,28.16,29.14,27.94,15.86,5.8,30.87,1222.82
396,2021-06-01,27.23,29.65,23.8,24.87,16.33,23.15,14.33,16.87,42.01,15.22,17.69,,160.94,120.11,68.19,107.62,110.63,84.27,26.42,116.61,68.17,22.09,46.79,64.95,82.93,21.14,7.95,11.0,17.65,15.03,13.3,25.92,,93.31,69.24,18.59,47.81,55.72,62.63,42.87,4113.08,19.36,113.36,12.25,54.95,11.21,18.17,584.49,28.36,29.27,27.61,15.73,6.21,31.49,1232.4
397,2021-07-01,27.27,29.9,23.86,24.9,16.41,23.19,14.25,17.01,42.07,15.27,17.55,,162.45,120.67,69.34,109.7,113.56,84.06,26.5,117.04,69.28,22.13,47.1,64.73,82.64,21.42,7.26,11.49,15.12,17.73,11.79,27.63,,93.61,69.52,18.77,48.27,56.19,63.05,43.49,4148.21,19.4,112.13,12.34,54.72,11.32,18.22,585.98,29.18,30.17,28.39,15.92,6.46,31.52,1248.3
398,2021-08-01,27.4,30.3,23.91,24.95,16.43,23.19,14.3,16.91,42.2,15.01,17.11,,165.0,122.11,69.94,111.39,113.06,84.87,26.62,117.22,70.37,26.29,47.41,64.33,82.81,20.13,6.6,10.64,9.29,10.29,8.66,28.7,,93.7,70.19,18.84,48.85,56.54,63.63,43.87,4172.68,19.45,111.4,12.29,54.61,11.38,18.18,589.05,29.32,30.31,28.36,17.35,6.87,31.72,1257.61
399,2021-09-01,27.65,30.84,24.48,25.33,16.68,23.15,14.38,17.06,42.54,14.96,17.25,,172.04,124.45,71.4,115.1,112.96,85.78,27.2,119.18,71.67,29.98,48.28,63.71,86.58,17.67,6.62,9.43,8.03,8.91,8.32,28.69,,93.84,69.98,19.05,49.49,57.25,64.4,44.14,4250.73,19.64,111.81,12.36,54.6,11.71,18.36,597.3,29.15,30.15,28.26,17.63,6.91,31.83,1261.22
400,2021-10-01,27.88,31.57,25.18,26.05,17.1,23.3,14.48,17.29,43.44,15.06,17.48,,175.51,124.58,72.42,117.47,115.56,86.25,27.63,120.22,72.96,30.3,49.13,62.69,90.24,14.84,7.54,9.59,9.06,8.99,8.69,27.8,,94.11,69.61,18.94,50.02,57.79,65.19,44.77,4266.76,19.93,113.06,12.59,55.12,12.09,18.72,602.25,29.97,30.9,29.4,18.25,7.07,31.84,1271.5
401,2021-11-01,28.2,32.41,25.78,26.69,17.55,23.89,14.66,17.69,46.33,15.44,18.14,,179.37,123.84,71.02,117.41,116.41,87.49,27.96,124.25,74.43,30.63,49.93,62.32,96.12,13.09,8.31,10.61,10.55,9.19,8.61,28.2,,94.22,70.43,19.19,50.55,58.44,66.09,44.87,4292.86,20.23,114.69,12.75,54.88,12.45,19.1,606.81,30.8,31.77,30.58,18.78,7.27,31.83,1299.43
402,2021-12-01,28.74,33.08,26.29,27.46,17.88,24.36,15.01,18.18,47.77,15.8,18.42,,182.84,123.75,70.82,117.1,120.15,87.86,28.55,125.98,74.11,33.79,50.59,61.43,99.41,12.31,11.63,12.09,13.34,9.98,8.76,27.52,82.53,94.2,70.01,19.2,51.07,59.03,66.96,45.38,4294.23,20.27,114.16,12.71,54.96,12.53,18.97,613.68,29.63,30.47,29.61,19.13,7.32,31.84,1342.23
404,2022-01-01,29.3,33.61,27.11,29.73,18.1,24.95,15.48,18.85,47.61,16.41,18.74,17.42,195.61,123.95,73.52,122.65,124.41,103.7,28.93,133.6,75.12,35.46,52.17,61.05,104.74,12.78,17.01,13.93,15.58,13.56,9.29,27.11,83.44,94.96,72.32,19.64,51.38,58.97,69.83,,4371.66,33.99,149.72,11.66,53.35,12.31,19.05,652.74,30.52,31.46,30.32,19.03,7.33,36.58,1379.59
405,2022-02-01,30.19,34.96,28.29,30.93,18.63,25.16,15.65,19.1,48.66,16.96,19.45,17.65,208.02,123.5,74.12,123.63,125.5,105.83,29.37,139.55,76.56,33.44,54.56,61.61,107.29,12.87,20.33,14.52,17.56,15.76,9.54,26.99,84.2,95.42,72.96,19.93,52.25,59.77,70.64,,4357.95,33.93,151.09,11.61,53.97,12.57,19.29,669.35,33.19,34.32,33.38,18.98,7.53,37.55,1378.69
406,2022-03-01,33.12,36.2,29.5,32.28,18.93,26.85,16.81,20.07,54.22,18.3,21.48,19.02,221.45,130.6,76.19,127.65,130.85,114.47,30.53,144.6,80.75,34.26,56.41,65.49,116.39,14.28,23.34,19.42,21.91,20.06,11.7,28.9,86.04,96.04,73.4,20.5,52.71,60.68,71.5,,4727.18,37.34,159.88,12.31,58.59,14.32,20.66,686.89,35.45,36.33,36.65,22.36,7.6,36.58,1419.79
407,2022-04-01,40.11,37.32,29.77,31.5,19.67,30.13,18.04,22.69,61.72,21.05,26.1,21.06,216.39,130.85,76.04,127.28,133.28,123.17,31.46,147.35,82.38,24.8,58.76,67.37,117.8,14.14,22.73,18.61,21.34,19.98,10.23,29.04,93.9,105.07,78.18,22.79,54.17,62.56,73.33,,5041.79,38.24,166.16,12.92,61.6,14.82,21.84,714.49,34.11,34.58,37.84,27.57,7.44,38.22,1457.22
408,2022-05-01,46.63,37.86,30.64,31.84,19.74,31.05,18.34,23.67,69.25,21.61,28.1,21.24,211.23,132.26,74.81,128.34,131.14,128.74,31.92,147.48,83.97,19.39,59.24,67.78,120.35,13.88,33.3,19.02,23.15,22.28,9.64,28.53,98.46,112.88,83.06,24.71,55.4,63.41,74.42,,4991.71,38.14,168.69,12.72,60.63,14.92,21.59,714.48,40.87,42.55,46.26,34.75,7.54,38.1,1454.58
409,2022-06-01,50.41,38.06,31.65,33.01,20.27,32.34,18.29,24.34,81.23,21.7,29.14,21.16,205.59,140.24,79.54,131.97,136.9,130.6,32.29,146.76,85.0,22.72,59.97,69.23,122.22,14.49,39.57,25.7,32.23,27.69,12.24,31.89,101.82,117.32,87.46,26.3,56.27,64.43,75.15,,5071.39,39.65,172.71,12.9,60.47,15.34,22.23,714.76,50.38,51.63,56.58,41.24,7.77,37.28,1463.78
410,2022-07-01,52.95,38.52,32.1,33.44,20.64,32.55,17.89,24.05,93.23,21.09,28.93,20.91,200.63,144.35,80.83,133.6,137.94,133.09,32.61,147.15,85.07,24.7,60.13,69.87,124.5,15.09,34.23,28.6,33.4,31.99,18.93,32.17,104.93,118.42,89.12,26.63,57.86,65.55,76.26,,5052.9,40.46,174.68,12.91,60.07,15.66,22.49,734.09,49.06,50.57,55.44,33.45,8.11,37.26,1541.04
411,2022-08-01,56.07,38.95,32.0,33.58,20.74,32.35,17.41,24.24,96.01,19.81,27.85,19.98,200.2,152.84,82.43,136.38,142.64,139.09,32.4,147.4,86.6,28.53,60.59,69.82,132.0,17.11,30.9,30.54,20.4,28.15,13.56,34.17,105.48,117.53,90.42,27.28,59.86,66.75,77.47,,5190.04,41.3,181.59,12.94,63.01,16.12,22.6,749.32,48.44,49.81,53.57,27.2,8.44,37.24,1549.66
412,2022-09-01,58.46,39.1,32.2,33.65,20.86,32.5,17.23,23.65,89.81,19.47,27.27,20.05,200.92,164.29,82.43,137.66,146.51,144.14,32.9,148.12,87.99,35.08,61.53,69.85,149.67,18.32,18.62,29.35,13.61,22.95,10.84,35.56,106.54,117.9,93.31,27.6,60.94,67.49,78.64,,5410.46,42.05,183.76,13.08,64.25,16.23,23.52,768.86,47.88,49.31,53.06,26.1,8.48,39.41,1540.31
413,2022-10-01,59.56,39.48,32.76,34.46,21.06,32.36,16.94,23.47,82.69,18.62,26.76,20.02,203.45,174.45,82.96,138.81,151.61,150.0,33.27,151.76,89.38,57.01,63.06,69.95,167.55,16.49,15.11,31.23,13.52,23.96,9.91,36.08,110.96,117.74,94.63,27.94,62.07,68.32,79.51,,5492.69,42.83,185.93,13.13,65.05,16.74,24.04,785.14,47.65,49.15,53.3,27.07,8.57,39.47,1546.95
414,2022-11-01,59.78,40.0,32.63,34.53,21.25,31.79,16.73,22.8,79.16,17.95,26.37,19.16,200.65,166.87,80.49,135.72,154.08,150.53,33.86,155.24,92.27,63.33,63.67,69.23,170.24,14.79,13.11,30.55,12.66,22.45,9.13,35.2,111.22,118.5,95.35,28.55,62.54,69.05,80.88,,5647.86,43.33,189.28,13.18,65.71,16.8,24.45,799.52,48.23,49.48,54.03,28.44,8.64,39.65,1566.63
415,2022-12-01,59.65,40.94,33.23,35.11,21.48,31.86,16.79,22.43,74.69,17.7,25.98,18.77,203.18,168.56,81.29,136.58,156.69,155.11,34.28,159.34,95.11,62.03,65.98,69.75,171.08,15.13,12.95,30.63,12.25,22.37,9.2,35.29,114.59,117.03,95.57,28.54,64.04,69.9,82.61,,5698.8,43.72,188.26,13.48,66.11,16.84,24.12,810.33,49.96,51.34,55.0,29.13,8.57,39.69,1560.9
417,2023-01-01,59.97,41.12,34.2,35.06,21.83,31.76,16.85,21.67,68.87,17.47,26.08,17.96,204.95,167.79,82.45,139.65,157.84,156.31,35.24,162.98,96.5,63.12,66.64,70.29,171.06,15.7,12.81,32.08,12.15,24.45,9.4,35.27,120.59,117.33,101.28,29.11,64.47,70.29,83.8,,5993.72,44.15,187.49,13.67,66.62,16.77,25.39,858.83,49.1,50.3,54.11,28.1,8.58,44.6,1609.19
418,2023-02-01,59.13,41.6,34.64,35.21,21.95,31.82,16.71,21.39,65.73,17.23,27.23,17.89,203.61,166.2,84.63,142.22,159.81,158.87,35.42,163.82,96.74,61.95,66.58,69.98,167.73,16.48,13.87,42.31,11.43,28.8,9.57,35.31,126.23,118.16,101.87,29.53,65.2,71.36,85.06,,5989.24,44.39,187.2,13.68,66.56,16.84,25.48,869.53,46.95,47.99,51.42,24.94,8.58,45.19,1629.25
419,2023-03-01,57.66,41.56,34.67,35.37,22.14,31.98,16.68,21.36,62.41,17.15,28.59,17.65,206.36,167.65,86.71,145.56,159.3,158.69,35.9,165.04,97.54,63.11,66.99,69.42,167.33,18.47,22.22,52.13,10.88,39.61,9.55,35.52,128.1,118.73,104.17,30.04,66.01,71.97,86.06,,6031.86,44.7,186.83,13.88,66.83,17.03,25.65,880.28,45.74,47.27,48.79,22.64,8.58,45.5,1652.73
420,2023-04-01,56.73,41.81,34.81,35.56,22.3,31.96,16.62,21.78,59.79,17.12,29.53,17.45,210.95,181.84,87.67,147.59,159.86,160.29,35.69,164.73,98.22,57.78,66.94,68.46,167.12,21.91,23.76,52.69,9.8,43.95,9.49,35.4,132.09,119.05,105.99,30.49,67.72,72.81,86.94,,6101.28,45.65,183.6,13.96,68.04,17.06,25.79,895.67,44.42,46.61,46.61,21.68,8.58,45.76,1681.53
421,2023-05-01,55.86,42.05,34.72,35.85,22.25,31.53,16.55,21.63,55.9,16.66,30.05,17.77,214.6,188.17,87.56,149.69,162.48,160.97,35.66,166.28,98.7,44.5,67.15,67.38,164.54,29.79,37.55,56.21,9.69,54.73,9.89,35.27,132.51,120.13,107.1,31.03,68.68,73.86,87.82,,6139.27,46.07,185.39,14.16,69.21,17.22,25.76,901.05,43.16,45.53,44.7,21.79,8.57,45.52,1679.6
422,2023-06-01,53.98,41.9,34.65,35.95,22.33,31.12,16.4,21.58,51.86,16.86,30.46,17.68,219.04,195.2,88.69,150.78,163.77,160.87,35.78,165.07,99.15,42.39,67.21,65.77,162.26,35.79,45.62,54.97,10.44,59.61,12.04,35.31,134.51,119.48,107.28,31.17,70.43,74.85,89.07,,6230.12,46.36,186.9,14.33,69.41,17.38,25.71,904.39,41.95,44.74,43.28,21.85,8.57,46.06,1686.43
423,2023-07-01,53.28,41.93,34.88,36.02,22.38,30.76,16.29,21.34,48.26,16.94,30.4,17.87,223.52,197.64,90.37,153.56,164.64,161.97,36.1,165.34,98.77,38.99,67.51,65.13,161.43,37.06,23.33,36.11,32.36,47.47,20.25,35.71,136.12,120.44,109.54,31.26,71.42,76.06,90.21,,6251.78,47.53,190.32,14.37,69.2,17.77,25.59,915.78,45.31,47.8,46.85,23.31,8.59,47.47,1724.77
424,2023-08-01,53.5,42.35,35.11,35.83,22.53,30.89,15.89,21.69,45.61,16.92,30.71,18.01,227.99,201.28,91.43,155.87,166.47,162.06,36.33,164.81,99.08,39.02,67.12,64.78,166.03,31.03,11.04,18.07,14.6,17.58,12.87,36.45,137.08,120.76,109.1,31.31,72.48,77.49,91.81,,6419.77,48.55,191.57,14.52,69.44,18.26,25.52,923.75,49.01,51.52,50.89,23.67,8.63,47.29,1737.78
425,2023-09-01,52.52,42.44,35.16,36.18,22.66,30.41,16.03,21.73,41.43,16.96,30.77,17.43,230.59,203.64,91.5,159.19,168.59,161.19,36.23,165.38,98.65,44.18,68.06,63.8,167.33,21.98,9.07,12.88,10.25,11.03,10.95,36.89,137.89,119.57,109.44,31.46,73.26,78.88,93.15,,6452.19,49.93,193.21,14.59,69.24,18.67,25.7,929.04,51.7,53.86,53.62,24.78,8.69,50.87,1747.15
426,2023-10-01,52.05,42.7,35.47,36.48,22.8,30.26,15.89,21.83,36.52,16.99,29.71,16.8,233.76,202.39,91.67,159.95,168.06,161.59,36.63,168.54,100.86,48.75,70.05,61.84,170.07,20.07,8.5,13.08,9.19,9.5,10.16,36.07,141.33,118.7,110.18,31.42,74.44,79.91,94.0,,6519.15,51.23,194.11,14.71,69.04,19.4,25.99,933.81,53.35,55.58,55.64,26.19,8.69,50.77,1820.9
427,2023-11-01,51.6,43.02,35.77,36.72,22.96,29.8,15.81,21.53,32.98,16.31,28.06,17.02,238.05,196.09,91.27,159.61,169.66,160.63,37.09,174.8,103.64,49.37,71.79,60.43,172.98,19.32,8.83,13.38,9.43,9.5,11.9,34.53,143.38,119.14,110.1,31.66,75.0,80.66,94.81,,6584.69,52.28,195.35,14.98,68.87,19.92,26.26,947.81,52.8,55.03,55.22,33.02,8.69,50.79,1868.73
428,2023-12-01,51.36,43.43,36.02,36.8,22.96,29.79,15.85,21.29,30.46,15.92,26.59,17.04,243.64,193.6,90.25,160.74,171.55,160.63,37.69,176.76,104.27,56.18,74.09,59.18,173.5,20.49,11.19,15.09,11.47,11.43,15.13,33.29,143.17,118.3,109.06,31.79,75.27,81.4,96.17,,6605.25,52.71,196.29,15.18,70.23,20.38,26.82,956.35,49.65,52.6,52.66,33.27,8.98,50.83,1882.06
430,2024-01-01,51.28,44.07,35.72,37.41,23.04,29.89,15.69,21.27,28.87,15.51,25.41,17.16,251.64,184.72,89.92,159.8,169.42,163.87,38.15,181.13,106.34,51.02,75.65,58.89,174.26,22.05,14.31,16.86,16.14,14.43,21.46,32.23,143.17,117.97,111.29,31.8,76.17,82.31,97.75,,6817.78,53.75,195.61,15.47,70.81,20.95,27.64,982.07,47.51,51.02,51.15,28.43,9.09,53.87,1912.79
431,2024-02-01,51.65,44.44,35.94,37.36,23.13,29.95,15.79,21.53,27.97,15.49,25.07,16.71,260.15,179.81,88.31,158.03,169.98,164.43,38.7,185.9,107.25,49.6,77.91,58.33,173.1,23.18,14.77,16.99,17.1,14.19,22.75,31.43,143.43,117.77,110.5,31.89,76.6,83.5,100.14,,6819.25,53.83,197.05,15.62,71.26,21.06,27.87,995.22,47.56,51.01,51.22,26.99,9.09,54.12,1939.58
432,2024-03-01,51.48,44.89,36.38,37.54,23.28,29.96,15.68,21.88,27.36,15.4,24.68,16.6,263.97,177.13,87.89,159.66,167.19,165.43,38.98,185.06,108.2,41.54,78.61,57.27,169.88,23.83,14.0,16.75,16.92,12.78,22.73,30.66,143.94,117.41,110.04,31.65,76.96,84.86,101.41,,6850.7,54.22,200.33,15.76,72.12,21.61,28.46,1013.76,48.97,52.28,52.46,27.88,9.16,54.31,1950.68
433,2024-04-01,51.53,45.31,36.64,37.67,23.43,29.94,15.52,21.86,26.36,15.31,24.37,16.42,266.1,177.48,88.03,158.9,169.26,168.5,39.41,186.29,110.18,33.45,79.5,57.84,167.55,24.59,13.22,16.03,17.8,12.06,22.45,29.92,144.88,115.87,109.97,31.92,77.41,85.92,103.14,,6879.83,54.7,207.26,16.03,72.8,22.21,28.93,1028.71,51.08,54.44,54.34,27.96,9.31,54.35,1999.68
434,2024-05-01,51.98,45.76,36.76,37.95,23.63,29.84,15.56,21.91,26.83,15.31,24.14,16.34,268.23,179.35,89.28,159.83,171.47,170.7,38.65,185.93,110.08,28.55,79.92,57.98,164.87,25.56,16.34,25.93,25.52,16.61,24.53,30.07,146.21,115.75,109.18,31.93,78.45,87.14,104.72,,6942.29,55.59,215.84,16.23,73.43,22.56,29.3,1040.95,51.96,55.89,53.33,26.92,9.31,54.55,2061.44
435,2024-06-01,52.32,46.36,37.09,38.37,23.98,29.8,15.95,22.27,28.26,15.61,24.3,16.93,269.24,175.91,87.35,158.04,171.88,173.93,38.73,187.58,110.24,32.97,80.53,58.76,161.09,26.9,11.28,24.36,32.92,29.75,28.39,31.04,147.34,115.4,111.18,31.96,79.95,88.71,106.07,,6931.77,56.1,219.08,16.3,74.26,22.52,29.11,1053.43,52.65,56.3,52.65,26.54,9.35,54.84,2095.1
436,2024-07-01,53.14,47.54,38.35,39.95,24.6,30.16,16.52,22.51,29.67,16.28,24.62,17.75,270.01,177.47,86.76,158.62,170.85,174.13,39.01,188.06,110.49,29.28,81.14,60.45,160.1,27.83,12.75,14.8,20.32,22.37,20.08,34.78,147.54,115.1,112.06,32.61,81.57,89.96,107.01,,6915.83,56.46,220.65,16.33,75.15,22.53,29.17,1057.75,53.14,56.57,52.79,26.87,9.49,54.97,2089.13
437,2024-08-01,53.82,48.5,39.59,40.93,25.39,31.35,17.21,22.66,29.6,17.02,24.26,17.95,270.56,182.0,86.79,162.86,173.94,173.96,39.4,189.01,112.39,31.44,82.1,61.52,160.58,28.33,30.31,16.32,14.39,15.46,19.73,35.66,148.99,116.83,110.47,32.56,84.14,90.76,108.33,,6961.82,57.54,225.32,16.34,76.0,22.61,29.44,1064.8,53.03,56.62,52.92,28.07,9.62,54.99,2104.05
438,2024-09-01,54.37,48.94,40.03,41.76,26.0,32.6,18.15,23.24,29.79,17.78,24.25,18.23,273.8,182.74,90.95,168.26,172.6,175.55,40.13,193.94,116.48,35.27,84.99,62.97,161.36,26.47,28.01,15.61,14.21,16.65,20.67,35.09,146.52,116.52,110.41,33.22,86.76,93.5,110.81,,7098.0,58.7,226.85,16.52,77.5,22.92,29.24,1101.92,53.34,56.65,52.87,30.84,9.73,56.43,2101.6
439,2024-10-01,55.23,49.9,40.81,42.67,26.26,32.88,18.66,23.98,30.98,18.76,24.67,18.8,279.76,183.61,92.22,170.31,178.24,178.69,41.62,201.24,119.61,41.78,91.51,65.02,163.89,30.31,29.73,16.37,16.35,21.52,25.85,33.55,148.52,116.98,112.93,33.59,89.52,96.16,113.69,,7148.91,60.09,229.59,16.69,78.54,23.37,29.77,1115.56,53.3,56.44,52.58,34.16,9.73,56.63,2137.91
440,2024-11-01,55.65,50.98,41.29,43.81,26.94,33.33,19.21,25.15,33.4,19.01,25.35,19.22,284.53,183.31,92.38,170.97,175.75,180.59,43.71,209.35,124.99,65.05,96.81,68.6,165.85,33.92,30.46,17.13,17.79,26.98,29.79,33.12,147.94,116.93,113.46,33.86,91.15,98.28,116.1,,7202.56,61.76,232.86,16.8,78.64,23.91,30.1,1125.05,52.84,55.56,52.09,35.02,9.73,56.7,2166.97
441,2024-12-01,56.11,51.91,42.52,45.12,27.78,33.77,19.93,26.31,35.19,19.9,25.41,20.18,288.73,184.76,92.55,172.42,180.64,184.57,45.64,217.36,130.85,64.24,102.23,72.73,166.19,35.22,34.02,17.12,19.65,28.59,29.74,33.16,148.54,116.45,113.87,34.0,92.62,101.8,118.69,,7219.57,63.16,247.09,17.18,79.49,24.95,31.2,1161.36,52.6,55.45,52.24,35.43,10.26,56.78,2188.78
